,id,word,synonyms,example
0,1319,imagine,,
1,55,affect,,
2,4793,textbook,,
3,3791,gene,,
4,436,cheese,,
5,3308,compile,,
6,2389,signal,,
7,4214,obesity,,
8,1845,pack,,
9,3664,evident,,
10,4852,tremendous,,
11,4281,passive,,
12,4889,uphold,,
13,4726,sufficiently,,
14,3111,assure,,
15,4139,minimal,,
16,1117,frozen,,
17,3617,emission,,
18,2516,statistic,,
19,4077,magnificent,,
20,363,cable,,
21,1741,noisy,,
22,198,august,,
23,340,broken,,
24,1905,personal,,
25,1307,identify,,
26,4422,racism,,
27,3320,comprise,,
28,936,examine,,
29,4787,terror,,
30,537,conclude,,
31,3241,characterize,,
32,152,area,,
33,1121,full,,
34,1941,plastic,,
35,3362,constraint,,
36,187,atmosphere,,
37,3574,dramatically,,
38,849,elderly,,
39,2250,row,,
40,2013,president,,
41,3957,integral,,
42,1920,phrase,,
43,716,desire,,
44,4675,stabilize,,
45,4429,rail,,
46,1710,neat,,
47,3623,encompass,,
48,2726,town,,
49,3369,contend,,
50,4639,sound,,
51,4006,kidnap,,
52,2633,technique,,
53,4588,settler,,
54,4377,productive,,
55,1796,one,,
56,3319,comprehensive,,
57,3643,entitle,,
58,2589,surgery,,
59,597,cottage,,
60,3759,forum,,
61,1389,intense,,
62,744,digital,,
63,311,borrow,,
64,3898,inadequate,,
65,2420,skill,,
66,209,awful,,
67,3003,accumulate,,
68,4837,trailer,,
69,2654,the,,
70,2063,prospect,,
71,917,euro,,
72,4695,strategic,,
73,2750,trip,,
74,769,dismiss,,
75,3120,auction,,
76,3275,cocktail,,
77,4840,transcript,,
78,2852,visitor,,
79,2873,waste,,
80,377,candidate,,
81,4627,so-called,,
82,4973,yield,,
83,3446,dare,,
84,615,cream,,
85,2517,statue,,
86,679,decorate,,
87,3223,carve,,
88,4591,sexy,,
89,2763,tunnel,,
90,2972,young,,
91,4925,vocal,,
92,2908,which,,
93,1565,luxury,,
94,2693,tight,,
95,1245,here,,
96,3601,elbow,,
97,3169,biological,,
98,2831,various,,
99,3697,exposure,,
100,3246,cheek,,
101,75,aim,,
102,4271,parental,,
103,4575,segment,,
104,3235,certainty,,
105,2645,tent,,
106,3322,compulsory,,
107,4660,spine,,
108,3127,automatically,,
109,414,ceremony,,
110,3247,cheer,,
111,1188,greet,,
112,1545,long,,
113,2048,profile,,
114,3380,convenience,,
115,2158,regret,,
116,1062,float,,
117,2033,prisoner,,
118,266,bend,,
119,246,become,,
120,1570,mail,,
121,2443,so,,
122,1090,former,,
123,2943,wool,,
124,4220,obstacle,,
125,3417,coverage,,
126,3476,demon,,
127,1928,pile,,
128,727,determined,,
129,3215,candle,,
130,1988,potato,,
131,822,earth,,
132,1979,positive,,
133,2488,spending,,
134,1111,frighten,,
135,4545,rotate,,
136,1958,pointed,,
137,2066,protest,,
138,2890,week,,
139,2606,sympathy,,
140,2111,rank,,
141,1341,included,,
142,4264,packet,,
143,4456,recovery,,
144,2312,sector,,
145,676,decision,,
146,3692,explicit,,
147,3488,deposit,,
148,754,disappear,,
149,2664,there,,
150,3807,goodness,,
151,4885,unprecedented,,
152,1660,monday,,
153,2960,writer,,
154,251,beer,,
155,2704,together,,
156,2484,speed,,
157,4152,mode,,
158,4853,tribal,,
159,1515,life,,
160,1598,material,,
161,3262,classification,,
162,3589,ease,,
163,4916,vice,,
164,4113,medal,,
165,3493,descend,,
166,132,apologize,,
167,611,covered,,
168,2117,rather,,
169,4751,suspicion,,
170,4123,mentor,,
171,1488,leader,,
172,3059,amateur,,
173,4682,statistical,,
174,457,civil,,
175,4433,rape,,
176,2162,reject,,
177,3107,assign,,
178,1642,minimum,,
179,2114,rare,,
180,756,disappointing,,
181,895,entertainment,,
182,1477,later,,
183,4476,rejection,,
184,1175,grade,,
185,1126,fundamental,,
186,713,deserve,,
187,2802,unlike,,
188,3499,destruction,,
189,1000,farming,,
190,2457,some,,
191,2736,transfer,,
192,3916,inevitable,,
193,3434,cult,,
194,4585,serial,,
195,2924,win,,
196,90,along,,
197,3494,descent,,
198,776,division,,
199,4824,tonne,,
200,888,enjoy,,
201,2211,response,,
202,3348,consent,,
203,49,advertise,,
204,1463,laboratory,,
205,3699,extensive,,
206,2779,uncle,,
207,2760,tube,,
208,1226,headline,,
209,3453,debris,,
210,115,announcement,,
211,3619,empire,,
212,1500,left,,
213,4729,summit,,
214,3840,harmony,,
215,2085,push,,
216,4589,severely,,
217,4,able,,
218,4173,mutual,,
219,2154,regard,,
220,1631,middle,,
221,2768,twice,,
222,4647,specification,,
223,2636,teenager,,
224,58,after,,
225,2042,producer,,
226,1588,market,,
227,38,additional,,
228,3949,instinct,,
229,4829,tournament,,
230,43,adopt,,
231,2895,well,,
232,4937,warrior,,
233,528,complicated,,
234,3747,forbid,,
235,1877,passport,,
236,1713,neck,,
237,1699,name,,
238,581,conversation,,
239,3531,discharge,,
240,292,block,,
241,2029,printer,,
242,3960,integration,,
243,108,angle,,
244,1349,independent,,
245,2660,themselves,,
246,4195,nominate,,
247,1751,nothing,,
248,1766,objective,,
249,2673,third,,
250,4412,punch,,
251,3367,contemplate,,
252,401,catch,,
253,110,angry,,
254,2044,production,,
255,741,difficult,,
256,3452,dealer,,
257,4094,march,,
258,1745,normally,,
259,180,assistant,,
260,3457,deck,,
261,1417,item,,
262,3670,exceed,,
263,4910,versus,,
264,1374,insist,,
265,142,appointment,,
266,4901,variable,,
267,916,ethical,,
268,2153,refuse,,
269,3980,intimate,,
270,2307,secondary,,
271,3489,depression,,
272,1036,final,,
273,3724,fierce,,
274,4204,notably,,
275,2024,prime,,
276,4559,scandal,,
277,2888,wedding,,
278,3359,constitute,,
279,320,boyfriend,,
280,2843,view,,
281,868,emphasis,,
282,1457,knife,,
283,4243,originate,,
284,1731,nice,,
285,4205,notebook,,
286,1555,loud,,
287,4323,portion,,
288,2535,story,,
289,2821,useful,,
290,1557,love,,
291,1923,piano,,
292,1119,fry,,
293,3797,genuinely,,
294,1769,observe,,
295,3286,colourful,,
296,1771,obvious,,
297,2493,split,,
298,1267,hold,,
299,4801,thereafter,,
300,190,attempt,,
301,3168,biography,,
302,1836,outline,,
303,2414,six,,
304,327,breakfast,,
305,3071,animation,,
306,3612,embassy,,
307,643,currency,,
308,3265,clerk,,
309,1342,including,,
310,1902,permission,,
311,429,charity,,
312,1764,obey,,
313,4181,nearby,,
314,2296,scientist,,
315,1252,hide,,
316,758,disc,,
317,3808,gorgeous,,
318,3870,hostage,,
319,3150,bat,,
320,3103,assembly,,
321,3931,inject,,
322,2751,tropical,,
323,306,boot,,
324,1287,housing,,
325,897,enthusiastic,,
326,3754,formula,,
327,2512,start,,
328,19,accurate,,
329,4438,ray,,
330,2348,sexual,,
331,2530,stomach,,
332,4760,syndrome,,
333,3554,distress,,
334,3155,behalf,,
335,4189,neutral,,
336,863,embarrassing,,
337,3077,apparatus,,
338,657,dancer,,
339,3121,audio,,
340,146,approval,,
341,3781,funeral,,
342,2837,version,,
343,4736,supplement,,
344,2008,prepared,,
345,2573,suit,,
346,4384,projection,,
347,3424,credible,,
348,3108,assistance,,
349,1482,law,,
350,3524,disability,,
351,3594,editorial,,
352,1064,floor,,
353,2310,secretary,,
354,2102,quotation,,
355,1844,pace,,
356,4774,tenant,,
357,4622,slavery,,
358,4923,visa,,
359,231,basically,,
360,4482,remainder,,
361,1688,muscle,,
362,4868,turnover,,
363,1029,fifty,,
364,4260,overwhelm,,
365,314,bother,,
366,4363,principal,,
367,1181,grandmother,,
368,4517,retail,,
369,2206,resolve,,
370,164,arrival,,
371,4707,subscriber,,
372,2499,spread,,
373,1679,move,,
374,1949,pleasure,,
375,866,emotion,,
376,3136,badge,,
377,2462,somewhat,,
378,3419,craft,,
379,1216,hardly,,
380,1413,iron,,
381,3720,feeding,,
382,1277,horrible,,
383,463,clause,,
384,1759,number,,
385,3105,assertion,,
386,1933,pitch,,
387,3396,copyright,,
388,4008,kingdom,,
389,4645,specialize,,
390,3663,evaluation,,
391,430,chart,,
392,2548,strong,,
393,267,benefit,,
394,3629,endorsement,,
395,1608,meaning,,
396,1003,fashionable,,
397,2851,visit,,
398,2186,repair,,
399,2184,remove,,
400,1675,mount,,
401,661,dark,,
402,1648,miss,,
403,2031,priority,,
404,3058,aluminium,,
405,1159,give,,
406,572,continent,,
407,1544,lonely,,
408,441,chicken,,
409,4015,lane,,
410,4959,wisdom,,
411,367,call,,
412,2227,rice,,
413,197,audience,,
414,4822,toll,,
415,3355,consistently,,
416,3640,enterprise,,
417,3110,assurance,,
418,118,annoying,,
419,1128,funny,,
420,3721,feminist,,
421,1333,impression,,
422,1166,god,,
423,3605,elementary,,
424,1272,home,,
425,4617,skip,,
426,2345,several,,
427,627,critical,,
428,2964,yard,,
429,2648,test,,
430,2893,weight,,
431,517,compare,,
432,1853,pair,,
433,3065,amusing,,
434,3751,format,,
435,1122,fully,,
436,4299,persist,,
437,3165,bias,,
438,687,define,,
439,655,damage,,
440,562,construction,,
441,1590,marriage,,
442,2146,recycle,,
443,2804,unnecessary,,
444,4931,wander,,
445,253,beg,,
446,877,encourage,,
447,683,deeply,,
448,1350,indicate,,
449,11,accept,,
450,693,deliberate,,
451,4333,precise,,
452,3027,administrator,,
453,1628,metal,,
454,1938,planet,,
455,3370,contender,,
456,1546,long-term,,
457,1677,mouse,,
458,2958,wrap,,
459,980,facility,,
460,4408,publicity,,
461,4192,niche,,
462,2898,wet,,
463,4944,well,,
464,3788,gaze,,
465,1708,near,,
466,3463,default,,
467,4738,supposedly,,
468,3658,establishment,,
469,995,fancy,,
470,1665,mood,,
471,3989,ironic,,
472,1739,nobody,,
473,1530,listener,,
474,3146,barrel,,
475,4410,pulse,,
476,2001,prayer,,
477,833,edition,,
478,4875,underlying,,
479,1539,locate,,
480,4679,standing,,
481,3910,indicator,,
482,4102,massacre,,
483,2914,whom,,
484,931,evil,,
485,2161,regulation,,
486,3974,interior,,
487,4727,suicide,,
488,4511,restoration,,
489,4957,willingness,,
490,433,cheat,,
491,1993,powder,,
492,3753,formerly,,
493,3335,confine,,
494,610,cover,,
495,4304,philosophical,,
496,1599,mathematics,,
497,2115,rarely,,
498,672,decade,,
499,4689,stimulus,,
500,939,except,,
501,1830,ourselves,,
502,4884,universal,,
503,1177,graduate,,
504,478,clothing,,
505,985,failure,,
506,4918,viewpoint,,
507,3451,deadly,,
508,4715,substitution,,
509,4154,modest,,
510,1838,oven,,
511,233,basketball,,
512,2276,sand,,
513,2076,pull,,
514,607,course,,
515,2133,recall,,
516,4391,proportion,,
517,1337,in,,
518,3884,idiot,,
519,717,desk,,
520,590,core,,
521,4728,suite,,
522,3135,backup,,
523,1324,impatient,,
524,2817,us,,
525,2699,tired,,
526,2647,terrible,,
527,4670,spy,,
528,17,according to,,
529,2894,welcome,,
530,573,continue,,
531,2637,telephone,,
532,4367,probability,,
533,2390,significant,,
534,4156,momentum,,
535,3912,indigenous,,
536,4446,rebel,,
537,3954,insult,,
538,221,ban,,
539,1682,much,,
540,1683,mud,,
541,1369,inner,,
542,1133,future,,
543,1261,historic,,
544,3681,execution,,
545,4877,undertake,,
546,1825,other,,
547,1792,old,,
548,4798,theology,,
549,458,claim,,
550,3019,adequate,,
551,411,central,,
552,4394,prosecution,,
553,981,fact,,
554,3066,analogy,,
555,2677,this,,
556,4013,landlord,,
557,4934,warfare,,
558,927,everyone,,
559,819,ear,,
560,1299,hurry,,
561,3284,colonial,,
562,2856,voice,,
563,3843,hatred,,
564,1953,pocket,,
565,1429,journal,,
566,3737,flawed,,
567,924,every,,
568,3324,conceal,,
569,1936,plan,,
570,4595,shed,,
571,2336,serve,,
572,2875,water,,
573,1595,master,,
574,4366,privilege,,
575,807,driving,,
576,432,cheap,,
577,947,exhibition,,
578,1832,outcome,,
579,1510,letter,,
580,3543,dispute,,
581,859,else,,
582,3352,considerable,,
583,2634,technology,,
584,906,equally,,
585,3213,calculation,,
586,3709,failed,,
587,1507,less,,
588,1373,insight,,
589,299,boat,,
590,4953,widen,,
591,1891,pepper,,
592,2931,wire,,
593,1913,phenomenon,,
594,4021,lawn,,
595,3726,filter,,
596,791,download,,
597,4357,prevail,,
598,2686,throughout,,
599,4809,threshold,,
600,602,country,,
601,2242,roof,,
602,2971,you,,
603,3219,capitalist,,
604,3581,dull,,
605,2309,secret,,
606,4514,restrict,,
607,4924,visible,,
608,3197,broadband,,
609,290,blank,,
610,3391,coordination,,
611,636,cry,,
612,2870,warning,,
613,4050,limitation,,
614,3887,imagery,,
615,1793,old-fashioned,,
616,304,bone,,
617,840,effective,,
618,495,colour,,
619,1977,pose,,
620,4930,vulnerable,,
621,4789,terrorist,,
622,3292,commentary,,
623,2428,slight,,
624,1626,mess,,
625,3427,critique,,
626,3855,hierarchy,,
627,63,age,,
628,125,anybody,,
629,4914,viable,,
630,957,experience,,
631,582,convert,,
632,678,decline,,
633,1338,inch,,
634,520,competition,,
635,2611,tablet,,
636,3830,habitat,,
637,2937,witness,,
638,201,authority,,
639,1137,gang,,
640,3128,autonomy,,
641,435,cheerful,,
642,4034,lengthy,,
643,4489,render,,
644,1454,kiss,,
645,4390,propaganda,,
646,4569,screw,,
647,2547,string,,
648,4554,saint,,
649,3644,entity,,
650,976,extreme,,
651,2631,tear,,
652,3997,jet,,
653,2706,tomato,,
654,2887,website,,
655,1619,meeting,,
656,4819,tobacco,,
657,2074,publication,,
658,492,collect,,
659,1952,plus,,
660,4348,prescription,,
661,2378,should,,
662,2659,theme,,
663,710,describe,,
664,3387,convincing,,
665,4466,regain,,
666,50,advertisement,,
667,1643,minister,,
668,36,add,,
669,3211,cabin,,
670,1534,lively,,
671,3924,info,,
672,3874,humanity,,
673,1505,lend,,
674,1162,global,,
675,3626,endeavour,,
676,4114,medication,,
677,1883,payment,,
678,4750,suspension,,
679,3561,divine,,
680,393,carrot,,
681,2069,provide,,
682,262,bell,,
683,2723,towards,,
684,1820,organized,,
685,4335,precision,,
686,4838,trait,,
687,2332,series,,
688,4614,situated,,
689,3998,joint,,
690,1899,perhaps,,
691,2886,web,,
692,943,exciting,,
693,731,diagram,,
694,3431,crush,,
695,2207,resort,,
696,426,character,,
697,4153,moderate,,
698,4155,modification,,
699,3947,instant,,
700,3256,civic,,
701,2407,single,,
702,4256,overnight,,
703,4420,quota,,
704,4631,sole,,
705,1444,keep,,
706,2681,threat,,
707,2057,proof,,
708,3779,fundamentally,,
709,4928,vow,,
710,1460,knowledge,,
711,3154,beast,,
712,4755,swallow,,
713,681,decrease,,
714,1610,meanwhile,,
715,2767,twenty,,
716,4210,nowadays,,
717,2247,round,,
718,4057,literary,,
719,1353,indoor,,
720,1434,judgement,,
721,3162,beside,,
722,2055,promote,,
723,2591,surprised,,
724,2998,accordingly,,
725,3130,await,,
726,3456,decisive,,
727,413,century,,
728,2615,talent,,
729,2712,tool,,
730,4820,tolerance,,
731,153,argue,,
732,549,connect,,
733,1074,folk,,
734,4398,protective,,
735,4451,recipient,,
736,3778,functional,,
737,4340,preference,,
738,1521,limit,,
739,3500,destructive,,
740,3708,fade,,
741,1522,limited,,
742,4568,screening,,
743,270,bet,,
744,4894,utilize,,
745,1559,low,,
746,922,eventually,,
747,2446,social,,
748,1095,found,,
749,3166,bid,,
750,425,chapter,,
751,1493,lean,,
752,2333,serious,,
753,2175,relief,,
754,4886,unveil,,
755,386,card,,
756,1359,inform,,
757,4499,republic,,
758,2022,priest,,
759,4108,meaningful,,
760,2930,winter,,
761,3116,attain,,
762,4621,slash,,
763,4310,pit,,
764,2849,virus,,
765,3164,betray,,
766,3336,confirmation,,
767,811,drunk,,
768,1644,minor,,
769,619,creature,,
770,4717,suburb,,
771,970,expression,,
772,4521,revelation,,
773,338,broad,,
774,447,choice,,
775,2231,right,,
776,1981,possession,,
777,1044,finish,,
778,2967,yellow,,
779,871,employee,,
780,784,domestic,,
781,4332,precious,,
782,634,crucial,,
783,1487,lead,,
784,4475,reinforce,,
785,3727,fine,,
786,256,behave,,
787,1185,grateful,,
788,3067,analyst,,
789,3712,fame,,
790,3715,fatal,,
791,3001,accountant,,
792,3406,corrupt,,
793,881,energy,,
794,474,closed,,
795,1584,many,,
796,587,cooking,,
797,639,cup,,
798,2543,stress,,
799,4241,organizational,,
800,1486,lazy,,
801,1221,have,,
802,33,actually,,
803,592,corporate,,
804,4091,manufacturing,,
805,4177,nasty,,
806,1060,flexible,,
807,3811,grace,,
808,1049,fish,,
809,3415,coup,,
810,4515,restriction,,
811,1363,initial,,
812,2177,religious,,
813,3992,irrelevant,,
814,4252,outstanding,,
815,2749,trick,,
816,4140,minimize,,
817,837,education,,
818,151,architecture,,
819,4519,retreat,,
820,1411,involve,,
821,1716,negative,,
822,3311,complexity,,
823,2678,though,,
824,1662,monitor,,
825,2656,their,,
826,192,attention,,
827,2030,printing,,
828,1749,not,,
829,385,car,,
830,298,board,,
831,112,ankle,,
832,1404,invention,,
833,258,behind,,
834,4883,unity,,
835,4125,mercy,,
836,4857,trigger,,
837,373,campus,,
838,2985,absurd,,
839,523,complain,,
840,4216,oblige,,
841,1526,lip,,
842,4900,vanish,,
843,4045,lifetime,,
844,2598,swear,,
845,1447,kick,,
846,3820,grief,,
847,366,calculate,,
848,2215,restaurant,,
849,2858,volunteer,,
850,2826,valley,,
851,2249,routine,,
852,1077,food,,
853,1041,finding,,
854,330,breathe,,
855,3341,congregation,,
856,4628,soak,,
857,2467,sorry,,
858,319,boy,,
859,1084,forever,,
860,2040,process,,
861,3014,activist,,
862,4686,stem,,
863,213,backwards,,
864,3142,banner,,
865,3827,guideline,,
866,3700,extensively,,
867,1168,golf,,
868,4145,miserable,,
869,4663,spokesman,,
870,1765,object,,
871,4734,supervision,,
872,3237,challenging,,
873,1926,piece,,
874,4903,varied,,
875,77,aircraft,,
876,785,dominate,,
877,2271,salary,,
878,1456,knee,,
879,4010,lad,,
880,171,as,,
881,2179,remain,,
882,1848,pain,,
883,857,elephant,,
884,4165,mosque,,
885,3046,alignment,,
886,4929,vulnerability,,
887,191,attend,,
888,453,circumstance,,
889,4843,transmission,,
890,3555,disturb,,
891,932,exact,,
892,3631,enforce,,
893,2977,zero,,
894,733,diamond,,
895,613,crash,,
896,4239,orchestra,,
897,2747,trend,,
898,1305,idea,,
899,4250,outrage,,
900,2093,queen,,
901,2877,way,,
902,2138,reception,,
903,4697,strictly,,
904,2400,simple,,
905,4042,liberty,,
906,4943,welfare,,
907,1346,incredible,,
908,843,effort,,
909,2921,wildlife,,
910,548,confusing,,
911,4131,metaphor,,
912,722,detail,,
913,4294,peer,,
914,130,apart,,
915,4648,specify,,
916,2948,world,,
917,4598,shocking,,
918,1172,govern,,
919,2130,really,,
920,2737,transform,,
921,3616,emergence,,
922,1862,park,,
923,4869,twist,,
924,4285,patent,,
925,212,background,,
926,301,boil,,
927,1480,laughter,,
928,3607,eligible,,
929,2224,revolution,,
930,1396,internet,,
931,2883,weapon,,
932,4496,representation,,
933,557,consist,,
934,767,dishonest,,
935,512,commonly,,
936,3321,compromise,,
937,489,cold,,
938,1193,growth,,
939,2011,presentation,,
940,3051,alliance,,
941,402,category,,
942,1476,late,,
943,2216,result,,
944,1152,geography,,
945,4652,spectator,,
946,3193,breakthrough,,
947,3565,domain,,
948,134,apparent,,
949,3742,flourish,,
950,4347,prescribe,,
951,86,all right,,
952,1410,invite,,
953,4724,suffering,,
954,2819,used,,
955,4402,province,,
956,3112,astonishing,,
957,3234,cemetery,,
958,3382,conventional,,
959,1511,level,,
960,621,crew,,
961,3955,intact,,
962,81,album,,
963,4703,stumble,,
964,3535,discourse,,
965,1232,heat,,
966,31,actress,,
967,3491,deputy,,
968,2585,suppose,,
969,3229,cattle,,
970,2123,reader,,
971,2889,wednesday,,
972,1524,link,,
973,3510,diagnose,,
974,4043,license,,
975,1581,management,,
976,305,book,,
977,3224,casino,,
978,1340,include,,
979,1846,package,,
980,4543,romance,,
981,4887,upcoming,,
982,3350,conservation,,
983,2940,wonderful,,
984,3083,appoint,,
985,196,attractive,,
986,3577,drought,,
987,2140,recognize,,
988,3842,harvest,,
989,682,deep,,
990,102,amount,,
991,3595,educator,,
992,2094,question,,
993,1617,medium,,
994,852,electric,,
995,1099,frame,,
996,828,eat,,
997,772,distribute,,
998,546,confuse,,
999,4232,operational,,
1000,3862,homeland,,
1001,2384,shy,,
1002,3274,coastal,,
1003,1382,instructor,,
1004,2137,recently,,
1005,4472,regulatory,,
1006,2185,rent,,
1007,3852,herb,,
1008,3990,ironically,,
1009,4387,promotion,,
1010,3312,compliance,,
1011,3971,interfere,,
1012,3818,greenhouse,,
1013,4551,sack,,
1014,820,early,,
1015,2431,slope,,
1016,3220,carbon,,
1017,3935,inmate,,
1018,2060,property,,
1019,4030,legislation,,
1020,4644,spark,,
1021,3527,disappoint,,
1022,194,attract,,
1023,1924,pick,,
1024,738,difference,,
1025,4723,sue,,
1026,996,fantastic,,
1027,3079,appetite,,
1028,1950,plenty,,
1029,2766,twelve,,
1030,1474,largely,,
1031,3289,comic,,
1032,2051,programme,,
1033,2299,screen,,
1034,760,discount,,
1035,1604,maybe,,
1036,4812,thumb,,
1037,3764,fraction,,
1038,723,detailed,,
1039,2168,relatively,,
1040,4073,machinery,,
1041,1264,hit,,
1042,1714,need,,
1043,1532,little,,
1044,1246,hero,,
1045,2746,tree,,
1046,2793,uniform,,
1047,1289,however,,
1048,2961,writing,,
1049,4952,wholly,,
1050,3981,intriguing,,
1051,1139,garage,,
1052,239,beach,,
1053,4110,mechanic,,
1054,4052,linear,,
1055,1942,plate,,
1056,4279,passing,,
1057,2702,today,,
1058,3865,hook,,
1059,3458,declaration,,
1060,4690,stir,,
1061,3376,contrary,,
1062,4557,satisfaction,,
1063,4011,ladder,,
1064,1791,ok,,
1065,4759,sympathetic,,
1066,291,blind,,
1067,3403,correspondent,,
1068,4666,sponsorship,,
1069,4970,worthy,,
1070,647,curve,,
1071,4442,rear,,
1072,3373,continually,,
1073,3934,ink,,
1074,3925,infrastructure,,
1075,4458,recruitment,,
1076,1294,hundred,,
1077,3707,faculty,,
1078,361,by,,
1079,4150,mobility,,
1080,2539,strategy,,
1081,732,dialogue,,
1082,4436,ratio,,
1083,2192,reporter,,
1084,2503,stadium,,
1085,4411,pump,,
1086,2742,travel,,
1087,4341,pregnancy,,
1088,2830,variety,,
1089,464,clean,,
1090,1881,pattern,,
1091,3189,boundary,,
1092,2939,wonder,,
1093,709,depth,,
1094,3364,consultant,,
1095,2698,tip,,
1096,4350,preservation,,
1097,988,faith,,
1098,4338,predictable,,
1099,2015,pressure,,
1100,3358,constituency,,
1101,2901,wheel,,
1102,2917,wide,,
1103,825,east,,
1104,240,bean,,
1105,4834,tragedy,,
1106,908,error,,
1107,3053,allocation,,
1108,424,channel,,
1109,670,debate,,
1110,1020,fellow,,
1111,3118,attorney,,
1112,674,decent,,
1113,113,anniversary,,
1114,358,butter,,
1115,1322,immigrant,,
1116,4814,tighten,,
1117,27,action,,
1118,271,better,,
1119,4799,theoretical,,
1120,4007,kidney,,
1121,4307,pioneer,,
1122,2268,sailing,,
1123,1556,loudly,,
1124,1666,moon,,
1125,3976,interpretation,,
1126,2624,tax,,
1127,2738,transition,,
1128,1247,hers,,
1129,4026,leap,,
1130,3255,citizenship,,
1131,2399,similarly,,
1132,4293,peculiar,,
1133,2847,violent,,
1134,1428,joke,,
1135,2773,typically,,
1136,3985,investor,,
1137,1517,lift,,
1138,3777,full-time,,
1139,1512,library,,
1140,2351,shake,,
1141,3766,fragment,,
1142,794,dozen,,
1143,4365,privatization,,
1144,3690,expertise,,
1145,4414,purely,,
1146,4503,residential,,
1147,1343,income,,
1148,2559,sublist,,
1149,2770,two,,
1150,774,district,,
1151,4485,remarkably,,
1152,4282,password,,
1153,2796,unit,,
1154,392,carpet,,
1155,4642,span,,
1156,3959,integrated,,
1157,827,easy,,
1158,219,balance,,
1159,3785,gaming,,
1160,2780,uncomfortable,,
1161,4553,sacrifice,,
1162,3936,innovation,,
1163,2213,responsible,,
1164,513,communicate,,
1165,4089,manipulation,,
1166,4891,usage,,
1167,4386,promising,,
1168,632,crowd,,
1169,3450,deadline,,
1170,555,consider,,
1171,4730,super,,
1172,1091,fortunately,,
1173,3315,compose,,
1174,3240,chaos,,
1175,139,apple,,
1176,316,bottom,,
1177,2703,toe,,
1178,3941,insider,,
1179,527,complex,,
1180,1738,no one,,
1181,698,deliver,,
1182,2942,wooden,,
1183,2319,select,,
1184,3172,blade,,
1185,2020,previously,,
1186,4863,troubled,,
1187,4758,symbolic,,
1188,1366,injure,,
1189,715,designer,,
1190,4687,stereotype,,
1191,1390,intention,,
1192,1145,generally,,
1193,3895,imprison,,
1194,4592,shaped,,
1195,2632,technical,,
1196,4138,miner,,
1197,1435,juice,,
1198,4119,memo,,
1199,2968,yes,,
1200,3523,directory,,
1201,2762,tune,,
1202,4203,notable,,
1203,3796,genuine,,
1204,3342,congressional,,
1205,4532,riot,,
1206,2949,worldwide,,
1207,3133,backdrop,,
1208,4019,lately,,
1209,2685,through,,
1210,1414,island,,
1211,1866,participant,,
1212,3834,handful,,
1213,3587,eager,,
1214,494,college,,
1215,1191,group,,
1216,3946,installation,,
1217,2990,accent,,
1218,4134,migration,,
1219,941,excited,,
1220,4602,shortage,,
1221,3907,independence,,
1222,4779,terminal,,
1223,1274,honest,,
1224,824,easily,,
1225,4941,weekly,,
1226,708,depressing,,
1227,752,disadvantage,,
1228,4509,respective,,
1229,225,bar,,
1230,1931,pink,,
1231,1794,on,,
1232,1955,poet,,
1233,4107,mayor,,
1234,3919,infect,,
1235,471,climb,,
1236,4383,prohibit,,
1237,2495,sponsor,,
1238,3732,firmly,,
1239,2405,singer,,
1240,1569,magic,,
1241,3556,disturbing,,
1242,966,explosion,,
1243,378,cannot,,
1244,1257,him,,
1245,4634,solidarity,,
1246,1023,festival,,
1247,3756,forth,,
1248,1045,fire,,
1249,2349,shade,,
1250,2801,unless,,
1251,3438,curriculum,,
1252,3536,discretion,,
1253,2966,year,,
1254,1186,great,,
1255,48,adventure,,
1256,354,business,,
1257,3655,escalate,,
1258,1583,manner,,
1259,4609,significance,,
1260,3056,alongside,,
1261,3010,acquisition,,
1262,4657,sphere,,
1263,1990,pound,,
1264,997,far,,
1265,1163,glove,,
1266,911,essay,,
1267,4494,reportedly,,
1268,2479,specialist,,
1269,3171,bizarre,,
1270,2132,reasonable,,
1271,3522,diplomatic,,
1272,3928,inherit,,
1273,3888,immense,,
1274,4737,supportive,,
1275,2641,temporary,,
1276,782,dog,,
1277,3317,composition,,
1278,2739,translate,,
1279,3613,embed,,
1280,1386,intelligent,,
1281,3502,detection,,
1282,4289,patron,,
1283,4861,troop,,
1284,2026,princess,,
1285,4308,pipeline,,
1286,3474,democracy,,
1287,740,differently,,
1288,4320,pond,,
1289,668,dear,,
1290,4120,memoir,,
1291,2832,vary,,
1292,3117,attendance,,
1293,591,corner,,
1294,1316,image,,
1295,1658,modify,,
1296,3639,ensue,,
1297,983,factory,,
1298,4859,trio,,
1299,1894,percentage,,
1300,1153,get,,
1301,2287,scan,,
1302,1442,justify,,
1303,3573,drain,,
1304,2684,throat,,
1305,575,contract,,
1306,2385,sick,,
1307,1730,next to,,
1308,4146,misery,,
1309,2840,victim,,
1310,1872,party,,
1311,1983,possible,,
1312,3405,corridor,,
1313,1167,gold,,
1314,3063,amendment,,
1315,3008,accused,,
1316,30,actor,,
1317,2834,vegetable,,
1318,3441,cutting,,
1319,4940,weed,,
1320,2100,quit,,
1321,4462,reform,,
1322,2327,sensitive,,
1323,3447,darkness,,
1324,4733,supervise,,
1325,2753,trousers,,
1326,2246,rough,,
1327,3714,fare,,
1328,3218,capitalism,,
1329,2396,silver,,
1330,1025,fiction,,
1331,2228,rich,,
1332,2771,type,,
1333,2380,shout,,
1334,3999,journalism,,
1335,3838,harbour,,
1336,1190,ground,,
1337,1943,platform,,
1338,2672,thinking,,
1339,1138,gap,,
1340,692,delay,,
1341,387,care,,
1342,4088,manipulate,,
1343,3323,compute,,
1344,1018,feel,,
1345,4637,sometime,,
1346,2223,revise,,
1347,2281,saturday,,
1348,3676,exclude,,
1349,2295,scientific,,
1350,4067,loom,,
1351,542,confidence,,
1352,4109,meantime,,
1353,325,bread,,
1354,4839,transaction,,
1355,3585,duration,,
1356,1309,if,,
1357,1743,nor,,
1358,1123,fun,,
1359,4748,survivor,,
1360,3505,determination,,
1361,2039,procedure,,
1362,1603,may,,
1363,2735,training,,
1364,2700,title,,
1365,3075,anxiety,,
1366,3534,discourage,,
1367,3226,casualty,,
1368,3449,dawn,,
1369,3710,fairness,,
1370,2254,rubbish,,
1371,3251,chunk,,
1372,1886,pen,,
1373,1082,foreign,,
1374,2505,stage,,
1375,1381,instruction,,
1376,1602,maximum,,
1377,2004,prefer,,
1378,3443,dairy,,
1379,2005,pregnant,,
1380,594,correctly,,
1381,2091,quantity,,
1382,2630,team,,
1383,3798,gesture,,
1384,1007,father,,
1385,3326,conceive,,
1386,2522,steel,,
1387,1395,international,,
1388,3645,entrepreneur,,
1389,1093,forty,,
1390,3045,align,,
1391,4038,lethal,,
1392,1816,ordinary,,
1393,801,dream,,
1394,2379,shoulder,,
1395,1757,nowhere,,
1396,4778,tenure,,
1397,3035,affordable,,
1398,442,chief,,
1399,2913,whole,,
1400,3816,gravity,,
1401,493,collection,,
1402,4516,resume,,
1403,4946,whatsoever,,
1404,1056,flag,,
1405,460,classic,,
1406,2449,soft,,
1407,2305,seat,,
1408,4710,subsequently,,
1409,3693,explicitly,,
1410,3129,availability,,
1411,4076,magnetic,,
1412,625,criterion,,
1413,534,concern,,
1414,3203,buddy,,
1415,1182,grandparent,,
1416,530,computer,,
1417,4087,manifest,,
1418,1354,indoors,,
1419,521,competitive,,
1420,4570,scrutiny,,
1421,79,airport,,
1422,3606,elevate,,
1423,4143,minute,,
1424,1778,odd,,
1425,2,abandon,,
1426,3689,experimental,,
1427,3938,input,,
1428,1008,fault,,
1429,1925,picture,,
1430,4418,quest,,
1431,1214,happy,,
1432,403,cause,,
1433,204,average,,
1434,1462,label,,
1435,288,black,,
1436,482,coach,,
1437,2012,preserve,,
1438,2595,survey,,
1439,3041,aids,,
1440,898,entire,,
1441,4161,monument,,
1442,4312,placement,,
1443,1625,menu,,
1444,4283,pastor,,
1445,1906,personality,,
1446,1443,keen,,
1447,4491,renowned,,
1448,3592,economics,,
1449,2045,profession,,
1450,1304,ice cream,,
1451,3280,collaboration,,
1452,4654,speculate,,
1453,2511,stare,,
1454,3208,bureaucracy,,
1455,3212,cabinet,,
1456,265,belt,,
1457,4762,systematic,,
1458,1004,fast,,
1459,4549,ruling,,
1460,106,and,,
1461,2523,steep,,
1462,835,educate,,
1463,2019,previous,,
1464,848,either,,
1465,2466,soon,,
1466,3278,coincidence,,
1467,874,empty,,
1468,236,battery,,
1469,4858,trillion,,
1470,3482,depart,,
1471,4504,residue,,
1472,4586,set-up,,
1473,3883,ideology,,
1474,4699,strip,,
1475,4702,structural,,
1476,802,dress,,
1477,1576,make,,
1478,1597,matching,,
1479,2973,your,,
1480,1873,pass,,
1481,1376,install,,
1482,3018,additionally,,
1483,2270,salad,,
1484,4792,testing,,
1485,1233,heating,,
1486,1709,nearly,,
1487,4613,sin,,
1488,2583,support,,
1489,2806,until,,
1490,3608,eliminate,,
1491,1013,feature,,
1492,1889,pension,,
1493,3329,concrete,,
1494,2178,rely,,
1495,516,company,,
1496,4000,judicial,,
1497,2725,tower,,
1498,4374,processing,,
1499,1440,just,,
1500,945,executive,,
1501,2016,pretend,,
1502,4027,legacy,,
1503,1362,ingredient,,
1504,574,continuous,,
1505,719,despite,,
1506,1392,interested,,
1507,4775,tendency,,
1508,712,desert,,
1509,4969,worthwhile,,
1510,4373,proceeds,,
1511,2556,stupid,,
1512,2122,read,,
1513,2635,teenage,,
1514,2510,star,,
1515,742,difficulty,,
1516,277,bill,,
1517,3679,exclusively,,
1518,346,build,,
1519,4096,marginal,,
1520,4336,predator,,
1521,4151,mobilize,,
1522,2719,tough,,
1523,3245,chase,,
1524,3634,engaging,,
1525,3740,flesh,,
1526,4899,validity,,
1527,276,bike,,
1528,4284,patch,,
1529,3430,cruise,,
1530,3750,forge,,
1531,3137,bail,,
1532,2976,youth,,
1533,3426,critically,,
1534,1761,nurse,,
1535,2910,whisper,,
1536,4111,mechanical,,
1537,2896,west,,
1538,2691,tidy,,
1539,2064,protect,,
1540,2944,word,,
1541,1554,lot,,
1542,417,chain,,
1543,2757,trust,,
1544,4741,surge,,
1545,4356,presume,,
1546,847,eighty,,
1547,3259,clarify,,
1548,1055,fixed,,
1549,797,drama,,
1550,3952,instrumental,,
1551,1206,half,,
1552,2814,upwards,,
1553,1278,horror,,
1554,2610,table,,
1555,2285,say,,
1556,2721,tourism,,
1557,2836,venue,,
1558,2848,virtual,,
1559,3885,ignorance,,
1560,2752,trouble,,
1561,1799,only,,
1562,691,degree,,
1563,4062,log,,
1564,1358,influence,,
1565,4149,mob,,
1566,729,development,,
1567,4413,punk,,
1568,3743,fluid,,
1569,2626,tea,,
1570,4701,stroke,,
1571,3859,hint,,
1572,2157,register,,
1573,4714,substitute,,
1574,4756,swing,,
1575,1801,open,,
1576,3805,glory,,
1577,3186,boost,,
1578,3921,inflation,,
1579,2087,qualification,,
1580,2473,south,,
1581,2600,sweep,,
1582,4505,resign,,
1583,2253,rubber,,
1584,4127,merely,,
1585,1916,photo,,
1586,1734,nine,,
1587,2687,throw,,
1588,894,entertain,,
1589,4766,tag,,
1590,2017,pretty,,
1591,4423,racist,,
1592,2604,switch,,
1593,3810,governor,,
1594,475,closely,,
1595,3250,chronic,,
1596,663,date,,
1597,3002,accounting,,
1598,1365,initiative,,
1599,3825,guerrilla,,
1600,4490,renew,,
1601,2524,step,,
1602,3995,isolation,,
1603,4172,municipal,,
1604,2521,steal,,
1605,3979,intervention,,
1606,1490,leading,,
1607,3772,frequent,,
1608,332,bride,,
1609,4066,long-time,,
1610,685,defence,,
1611,2070,psychologist,,
1612,4626,snap,,
1613,3227,catalogue,,
1614,2071,psychology,,
1615,4044,lifelong,,
1616,1514,lie,,
1617,4170,motorist,,
1618,2692,tie,,
1619,1478,latest,,
1620,1052,fitness,,
1621,522,competitor,,
1622,3236,certificate,,
1623,2346,severe,,
1624,1586,march,,
1625,269,best,,
1626,1664,month,,
1627,4541,rocket,,
1628,3881,identification,,
1629,2974,yours,,
1630,3927,inherent,,
1631,2425,sleep,,
1632,3991,irony,,
1633,2009,presence,,
1634,2032,prison,,
1635,2036,prize,,
1636,787,door,,
1637,1705,natural,,
1638,518,comparison,,
1639,1800,onto,,
1640,2846,violence,,
1641,1680,movement,,
1642,3744,fond,,
1643,2644,tennis,,
1644,1014,february,,
1645,335,bright,,
1646,4718,suburban,,
1647,1907,personally,,
1648,4215,objection,,
1649,2728,track,,
1650,1370,innocent,,
1651,3330,condemn,,
1652,1592,marry,,
1653,994,fan,,
1654,3486,deploy,,
1655,2792,unhappy,,
1656,1141,gas,,
1657,4954,widespread,,
1658,4369,probe,,
1659,3404,corresponding,,
1660,1367,injured,,
1661,3848,healthcare,,
1662,1432,joy,,
1663,3082,applicant,,
1664,3180,boast,,
1665,3802,globalization,,
1666,8,absolute,,
1667,1360,informal,,
1668,3054,allowance,,
1669,814,during,,
1670,3614,embody,,
1671,4830,toxic,,
1672,440,chest,,
1673,3965,intensive,,
1674,2710,tonight,,
1675,274,bicycle,,
1676,486,code,,
1677,4610,simulate,,
1678,238,be,,
1679,220,ball,,
1680,796,drag,,
1681,3586,dynamic,,
1682,398,cast,,
1683,1142,gate,,
1684,259,being,,
1685,4548,ruin,,
1686,614,crazy,,
1687,3057,altogether,,
1688,3841,harsh,,
1689,4896,vacuum,,
1690,4236,optimism,,
1691,4817,timing,,
1692,359,button,,
1693,1994,power,,
1694,2288,scared,,
1695,2545,strict,,
1696,4865,tsunami,,
1697,2866,want,,
1698,1379,institute,,
1699,4684,steam,,
1700,4972,yell,,
1701,725,detective,,
1702,308,bored,,
1703,4325,post-war,,
1704,1978,position,,
1705,3188,bound,,
1706,2455,solution,,
1707,1217,harm,,
1708,434,check,,
1709,252,before,,
1710,2470,sound,,
1711,166,art,,
1712,821,earn,,
1713,2252,rub,,
1714,3633,engagement,,
1715,3994,isolated,,
1716,51,advertising,,
1717,1637,milk,,
1718,2969,yesterday,,
1719,2273,salt,,
1720,3702,extremist,,
1721,3880,identical,,
1722,4913,veteran,,
1723,4693,strain,,
1724,4447,rebellion,,
1725,4275,partial,,
1726,2643,tend,,
1727,3550,distinctive,,
1728,1585,map,,
1729,1479,laugh,,
1730,3986,invisible,,
1731,844,egg,,
1732,2324,senior,,
1733,3497,desktop,,
1734,1301,husband,,
1735,1083,forest,,
1736,626,critic,,
1737,595,cost,,
1738,4405,provoke,,
1739,1275,honour,,
1740,1451,kilometre,,
1741,4518,retirement,,
1742,227,base,,
1743,109,angrily,,
1744,1618,meet,,
1745,4811,thrive,,
1746,3908,index,,
1747,2812,upset,,
1748,673,december,,
1749,2557,style,,
1750,3591,ecological,,
1751,1470,landscape,,
1752,3030,adoption,,
1753,3695,exploitation,,
1754,2759,try,,
1755,1985,post,,
1756,4535,ritual,,
1757,3630,endure,,
1758,4483,remains,,
1759,4359,prevention,,
1760,3641,entertaining,,
1761,3649,equation,,
1762,4419,questionnaire,,
1763,318,box,,
1764,2732,traffic,,
1765,211,back,,
1766,1081,force,,
1767,4620,slap,,
1768,1241,hello,,
1769,2876,wave,,
1770,3900,incentive,,
1771,174,asleep,,
1772,456,city,,
1773,937,example,,
1774,2553,studio,,
1775,3913,induce,,
1776,644,current,,
1777,3239,championship,,
1778,4860,triumph,,
1779,1149,genre,,
1780,2267,sail,,
1781,4417,query,,
1782,4659,spin,,
1783,2343,seventeen,,
1784,421,champion,,
1785,286,bite,,
1786,3068,ancestor,,
1787,1606,meal,,
1788,3590,echo,,
1789,3671,excellence,,
1790,4866,tuition,,
1791,400,cat,,
1792,1527,liquid,,
1793,4272,parish,,
1794,700,demand,,
1795,3718,feat,,
1796,4084,making,,
1797,459,class,,
1798,1189,grey,,
1799,2418,ski,,
1800,2190,reply,,
1801,1115,from,,
1802,962,explanation,,
1803,1415,issue,,
1804,5,about,,
1805,705,departure,,
1806,2393,silent,,
1807,1065,flour,,
1808,2981,absence,,
1809,4795,thankfully,,
1810,1344,increase,,
1811,3402,correspondence,,
1812,1047,first,,
1813,2124,reading,,
1814,795,draft,,
1815,4290,pause,,
1816,4625,smash,,
1817,3903,inclusion,,
1818,4364,prior,,
1819,1580,manage,,
1820,2209,respect,,
1821,4351,preside,,
1822,4784,terrific,,
1823,1577,male,,
1824,3622,enact,,
1825,1992,poverty,,
1826,3100,assassination,,
1827,1663,monkey,,
1828,94,alternative,,
1829,4761,synthesis,,
1830,3951,instruct,,
1831,1702,nation,,
1832,4370,problematic,,
1833,123,any,,
1834,3969,interactive,,
1835,567,container,,
1836,829,economic,,
1837,2463,somewhere,,
1838,3734,fixture,,
1839,3028,admission,,
1840,2727,toy,,
1841,348,bullet,,
1842,4605,shrug,,
1843,3078,appealing,,
1844,2080,purchase,,
1845,2092,quarter,,
1846,536,concert,,
1847,1582,manager,,
1848,1672,mother,,
1849,1466,lady,,
1850,780,document,,
1851,2469,soul,,
1852,4767,tap,,
1853,3835,handling,,
1854,100,ambitious,,
1855,3703,fabric,,
1856,1776,ocean,,
1857,2331,sequence,,
1858,1607,mean,,
1859,1469,land,,
1860,2791,unfortunately,,
1861,4048,likewise,,
1862,762,discovery,,
1863,500,come,,
1864,4922,virtue,,
1865,2885,weather,,
1866,323,brand,,
1867,4318,pole,,
1868,2978,zone,,
1869,1779,of,,
1870,3636,enquire,,
1871,3977,interval,,
1872,583,convince,,
1873,1283,hotel,,
1874,4606,sibling,,
1875,1259,hire,,
1876,2363,shelter,,
1877,2862,waiter,,
1878,3780,fundraising,,
1879,3950,institutional,,
1880,4835,tragic,,
1881,4962,withdrawal,,
1882,2171,relaxing,,
1883,3713,fantasy,,
1884,4608,signature,,
1885,3143,bare,,
1886,2621,target,,
1887,34,ad,,
1888,1523,line,,
1889,1130,furniture,,
1890,2772,typical,,
1891,628,criticism,,
1892,1006,fat,,
1893,1048,firstly,,
1894,3080,applaud,,
1895,15,accommodation,,
1896,1868,particular,,
1897,24,acquire,,
1898,1116,front,,
1899,3530,discard,,
1900,3857,highway,,
1901,3442,cynical,,
1902,104,analysis,,
1903,4555,sake,,
1904,4380,profound,,
1905,4677,stall,,
1906,4101,mask,,
1907,3069,anchor,,
1908,4845,transparency,,
1909,3804,glorious,,
1910,150,architect,,
1911,184,assume,,
1912,1318,imagination,,
1913,1723,network,,
1914,3776,fulfil,,
1915,2682,threaten,,
1916,2905,whereas,,
1917,3248,choir,,
1918,1974,population,,
1919,3588,earnings,,
1920,4680,stark,,
1921,3877,hydrogen,,
1922,1678,mouth,,
1923,4704,stun,,
1924,3273,coalition,,
1925,1901,permanent,,
1926,4536,rival,,
1927,3906,incur,,
1928,4643,spare,,
1929,862,embarrassed,,
1930,3032,advocate,,
1931,172,ashamed,,
1932,1686,mum,,
1933,2423,sky,,
1934,2569,suffer,,
1935,4800,therapist,,
1936,4818,tissue,,
1937,3205,bug,,
1938,2341,settle,,
1939,3354,consistency,,
1940,4223,occupy,,
1941,3185,boom,,
1942,1971,pop,,
1943,726,determine,,
1944,4396,prospective,,
1945,4167,motivate,,
1946,20,accuse,,
1947,4209,novelist,,
1948,222,banana,,
1949,336,brilliant,,
1950,250,beef,,
1951,1011,fear,,
1952,1449,kill,,
1953,1826,otherwise,,
1954,1420,jacket,,
1955,2155,region,,
1956,991,familiar,,
1957,1833,outdoor,,
1958,525,complete,,
1959,3196,briefly,,
1960,22,achievement,,
1961,2082,purple,,
1962,449,church,,
1963,2546,strike,,
1964,1229,hear,,
1965,968,expose,,
1966,876,encounter,,
1967,4672,squeeze,,
1968,3465,defender,,
1969,1364,initially,,
1970,3397,corporation,,
1971,2131,reason,,
1972,4069,lottery,,
1973,1911,petrol,,
1974,533,concept,,
1975,1964,polite,,
1976,1951,plot,,
1977,4641,spam,,
1978,3508,devise,,
1979,1066,flow,,
1980,3899,inappropriate,,
1981,4841,transformation,,
1982,3375,contradiction,,
1983,1742,none,,
1984,3328,concession,,
1985,3771,freely,,
1986,370,camp,,
1987,3021,adhere,,
1988,1409,invitation,,
1989,4230,openly,,
1990,4201,noon,,
1991,1017,feedback,,
1992,3786,gathering,,
1993,2588,surface,,
1994,422,chance,,
1995,923,ever,,
1996,4463,refuge,,
1997,1467,lake,,
1998,675,decide,,
1999,666,dead,,
2000,4827,toss,,
2001,4404,provision,,
2002,2999,accountability,,
2003,2829,van,,
2004,2506,stair,,
2005,3513,dictator,,
2006,1085,forget,,
2007,1290,huge,,
2008,2864,walk,,
2009,1248,herself,,
2010,4055,literacy,,
2011,2970,yet,,
2012,4301,personnel,,
2013,1698,nail,,
2014,4259,overturn,,
2015,2311,section,,
2016,1377,instance,,
2017,3773,frustrated,,
2018,4331,precedent,,
2019,2257,rule,,
2020,1562,lucky,,
2021,3290,commander,,
2022,1501,leg,,
2023,1205,hair,,
2024,1455,kitchen,,
2025,2272,sale,,
2026,2240,roll,,
2027,1780,off,,
2028,3394,cope,,
2029,2316,seed,,
2030,826,eastern,,
2031,3140,balloon,,
2032,635,cruel,,
2033,4803,thesis,,
2034,3024,adjustment,,
2035,809,drug,,
2036,341,brother,,
2037,4744,surplus,,
2038,4968,worship,,
2039,1945,player,,
2040,2383,shut,,
2041,3366,consumption,,
2042,2785,understanding,,
2043,2653,that,,
2044,1593,mass,,
2045,321,brain,,
2046,2857,volume,,
2047,3851,hence,,
2048,765,disease,,
2049,2050,program,,
2050,2959,write,,
2051,3163,besides,,
2052,3864,honesty,,
2053,1718,neighbourhood,,
2054,998,farm,,
2055,4265,pad,,
2056,4862,trophy,,
2057,1719,neither,,
2058,1388,intended,,
2059,1100,free,,
2060,2670,thing,,
2061,1641,mineral,,
2062,1033,file,,
2063,1009,favour,,
2064,2433,slowly,,
2065,4060,liver,,
2066,4556,sanction,,
2067,3902,inclined,,
2068,2181,remember,,
2069,1578,mall,,
2070,2411,sit,,
2071,2724,towel,,
2072,1851,painter,,
2073,315,bottle,,
2074,1039,financial,,
2075,1668,more,,
2076,4781,terms,,
2077,1969,pool,,
2078,580,convenient,,
2079,3072,annually,,
2080,3879,icon,,
2081,2733,train,,
2082,1092,fortune,,
2083,3578,drown,,
2084,3206,bulk,,
2085,1564,lung,,
2086,3915,inequality,,
2087,4090,manufacture,,
2088,2775,ugly,,
2089,850,elect,,
2090,154,argument,,
2091,4099,marketplace,,
2092,892,ensure,,
2093,4746,surveillance,,
2094,2212,responsibility,,
2095,1998,practise,,
2096,1238,height,,
2097,383,captain,,
2098,480,club,,
2099,2818,use,,
2100,264,below,,
2101,4074,magical,,
2102,4500,resemble,,
2103,2680,thousand,,
2104,2073,public,,
2105,1700,narrative,,
2106,2230,ride,,
2107,2377,shot,,
2108,2291,schedule,,
2109,750,dirt,,
2110,4471,regulator,,
2111,2833,vast,,
2112,3459,dedicated,,
2113,2156,regional,,
2114,3666,evolution,,
2115,2683,three,,
2116,4397,prosperity,,
2117,2317,seek,,
2118,3440,cute,,
2119,1947,please,,
2120,4832,trademark,,
2121,170,artistic,,
2122,4850,treasure,,
2123,310,born,,
2124,4908,verify,,
2125,2392,silence,,
2126,3863,homeless,,
2127,1596,match,,
2128,961,explain,,
2129,1594,massive,,
2130,2620,tape,,
2131,3849,heighten,,
2132,3012,activate,,
2133,3178,blessing,,
2134,1789,oh,,
2135,3471,delegation,,
2136,1198,guide,,
2137,3372,contention,,
2138,2079,pupil,,
2139,1184,grass,,
2140,2458,somebody,,
2141,3538,dismissal,,
2142,4425,radiation,,
2143,4175,naked,,
2144,949,existence,,
2145,135,apparently,,
2146,4874,undergraduate,,
2147,2541,street,,
2148,812,dry,,
2149,2480,species,,
2150,2593,surround,,
2151,2899,what,,
2152,1760,numerous,,
2153,1107,fridge,,
2154,1174,grab,,
2155,1954,poem,,
2156,1750,note,,
2157,1254,highlight,,
2158,1329,impose,,
2159,4238,oral,,
2160,1196,guess,,
2161,977,extremely,,
2162,646,curtain,,
2163,4493,replacement,,
2164,511,common,,
2165,2555,stuff,,
2166,4967,worm,,
2167,1728,newspaper,,
2168,4059,litter,,
2169,2398,similarity,,
2170,59,afternoon,,
2171,665,day,,
2172,2141,recommend,,
2173,4705,stunning,,
2174,2401,simply,,
2175,3963,intensify,,
2176,1503,leisure,,
2177,4092,manuscript,,
2178,1061,flight,,
2179,2442,snow,,
2180,1161,glass,,
2181,547,confused,,
2182,1063,flood,,
2183,2075,publish,,
2184,2002,predict,,
2185,3836,handy,,
2186,4580,senator,,
2187,554,conservative,,
2188,3436,curiosity,,
2189,272,between,,
2190,2159,regular,,
2191,1684,multiple,,
2192,1151,gentleman,,
2193,3760,fossil,,
2194,218,bake,,
2195,2340,setting,,
2196,3922,inflict,,
2197,1725,nevertheless,,
2198,295,blood,,
2199,4823,ton,,
2200,3611,embarrassment,,
2201,69,ago,,
2202,4188,net,,
2203,3400,correlation,,
2204,32,actual,,
2205,107,anger,,
2206,1840,overall,,
2207,1156,gift,,
2208,3580,dub,,
2209,3015,acute,,
2210,3982,invade,,
2211,1531,literature,,
2212,2520,steady,,
2213,162,arrangement,,
2214,2304,season,,
2215,775,divide,,
2216,1032,figure,,
2217,1202,guy,,
2218,1129,fur,,
2219,1110,friendship,,
2220,1285,house,,
2221,4266,palm,,
2222,798,dramatic,,
2223,3728,firearm,,
2224,2461,sometimes,,
2225,3090,arguably,,
2226,3253,circulate,,
2227,1961,police,,
2228,3688,expenditure,,
2229,560,constantly,,
2230,1291,human,,
2231,3560,divert,,
2232,461,classical,,
2233,26,act,,
2234,541,conference,,
2235,65,agency,,
2236,4612,simultaneously,,
2237,1157,girl,,
2238,1858,pants,,
2239,61,again,,
2240,3182,bombing,,
2241,357,but,,
2242,3789,gear,,
2243,508,commit,,
2244,2601,sweet,,
2245,1210,hang,,
2246,622,crime,,
2247,2649,text,,
2248,1058,flash,,
2249,558,consistent,,
2250,476,cloth,,
2251,4286,pathway,,
2252,749,director,,
2253,969,express,,
2254,4917,vicious,,
2255,4126,mere,,
2256,813,due,,
2257,763,discuss,,
2258,2933,wish,,
2259,4314,plead,,
2260,630,crop,,
2261,1898,performance,,
2262,3243,charming,,
2263,2018,prevent,,
2264,3540,displace,,
2265,3085,appropriately,,
2266,3564,documentation,,
2267,254,begin,,
2268,1441,justice,,
2269,3937,innovative,,
2270,703,deny,,
2271,4343,preliminary,,
2272,1639,mind,,
2273,1798,online,,
2274,505,comment,,
2275,4311,pity,,
2276,2518,status,,
2277,1701,narrow,,
2278,2169,relax,,
2279,3392,coordinator,,
2280,66,agenda,,
2281,1809,opposed,,
2282,2108,rain,,
2283,468,click,,
2284,3,ability,,
2285,1919,photography,,
2286,1502,legal,,
2287,3512,dictate,,
2288,855,electronic,,
2289,2816,urge,,
2290,1263,history,,
2291,656,dance,,
2292,4185,negotiation,,
2293,2118,raw,,
2294,237,battle,,
2295,140,application,,
2296,3151,battlefield,,
2297,1693,must,,
2298,3704,fabulous,,
2299,790,down,,
2300,3467,deficiency,,
2301,3684,exile,,
2302,427,characteristic,,
2303,2096,quick,,
2304,4576,seize,,
2305,2062,propose,,
2306,799,draw,,
2307,1458,knock,,
2308,98,amazing,,
2309,721,destroy,,
2310,4709,subsequent,,
2311,1266,hockey,,
2312,3294,commerce,,
2313,4295,penalty,,
2314,1178,grain,,
2315,2222,review,,
2316,2813,upstairs,,
2317,2794,union,,
2318,4815,timber,,
2319,2300,script,,
2320,4016,lap,,
2321,328,breast,,
2322,942,excitement,,
2323,918,evaluate,,
2324,1325,imply,,
2325,2562,succeed,,
2326,4135,militant,,
2327,3675,excessive,,
2328,933,exactly,,
2329,720,destination,,
2330,2688,thursday,,
2331,2855,vitamin,,
2332,1676,mountain,,
2333,1720,nerve,,
2334,4915,vibrant,,
2335,4361,pride,,
2336,4864,trustee,,
2337,2823,usual,,
2338,4828,total,,
2339,2613,take,,
2340,2882,wealthy,,
2341,2320,selection,,
2342,1908,perspective,,
2343,278,billion,,
2344,3346,consecutive,,
2345,1659,moment,,
2346,2086,put,,
2347,4133,midst,,
2348,2485,spell,,
2349,41,admire,,
2350,2337,service,,
2351,1211,happen,,
2352,235,bathroom,,
2353,2477,speaker,,
2354,4538,robbery,,
2355,3972,interference,,
2356,3866,hopeful,,
2357,4669,spouse,,
2358,2570,sugar,,
2359,206,award,,
2360,4655,speculation,,
2361,4497,reproduce,,
2362,4163,moreover,,
2363,1035,film,,
2364,2993,accidentally,,
2365,4683,steadily,,
2366,3854,hidden,,
2367,2277,sandwich,,
2368,4053,linger,,
2369,2438,smoke,,
2370,3157,bench,,
2371,4848,trap,,
2372,4437,rational,,
2373,465,clear,,
2374,1638,million,,
2375,1293,humour,,
2376,2056,pronounce,,
2377,3517,dilemma,,
2378,2445,soccer,,
2379,1717,neighbour,,
2380,4662,spoil,,
2381,1256,hill,,
2382,1101,freedom,,
2383,571,context,,
2384,2391,significantly,,
2385,3687,expansion,,
2386,3651,equivalent,,
2387,1150,gentle,,
2388,4251,outsider,,
2389,4473,rehabilitation,,
2390,761,discover,,
2391,3313,complication,,
2392,4003,jury,,
2393,971,extend,,
2394,313,both,,
2395,230,basic,,
2396,2564,successful,,
2397,3567,dominant,,
2398,3625,encouraging,,
2399,2951,worry,,
2400,379,cap,,
2401,1224,head,,
2402,1537,loan,,
2403,3603,electronics,,
2404,986,fair,,
2405,2198,requirement,,
2406,1729,next,,
2407,3141,ballot,,
2408,599,could,,
2409,3198,broadcaster,,
2410,3304,compensate,,
2411,3381,convention,,
2412,677,declare,,
2413,1538,local,,
2414,1220,hate,,
2415,3548,distinct,,
2416,1601,matter,,
2417,3307,competent,,
2418,1120,fuel,,
2419,1834,outdoors,,
2420,4847,transportation,,
2421,1835,outer,,
2422,4527,revive,,
2423,2663,therapy,,
2424,2089,qualify,,
2425,3557,dive,,
2426,3948,instantly,,
2427,3037,aggression,,
2428,2859,vote,,
2429,879,ending,,
2430,745,dinner,,
2431,4772,temporarily,,
2432,111,animal,,
2433,865,emergency,,
2434,3303,compelling,,
2435,3420,crawl,,
2436,1335,improve,,
2437,4381,programming,,
2438,2447,society,,
2439,1002,fashion,,
2440,1399,interview,,
2441,4464,refugee,,
2442,701,demonstrate,,
2443,4028,legend,,
2444,3022,adjacent,,
2445,2617,talk,,
2446,3829,gut,,
2447,2669,thin,,
2448,1445,key,,
2449,1871,partner,,
2450,4480,relieved,,
2451,3652,era,,
2452,3025,administer,,
2453,2625,taxi,,
2454,4199,nonetheless,,
2455,2689,thus,,
2456,2264,sadly,,
2457,1573,maintain,,
2458,2629,teaching,,
2459,4070,loyal,,
2460,4955,widow,,
2461,2542,strength,,
2462,1804,operation,,
2463,2251,royal,,
2464,95,although,,
2465,4368,probable,,
2466,3301,compassion,,
2467,2193,represent,,
2468,3333,confession,,
2469,1034,fill,,
2470,4079,mainland,,
2471,4700,strive,,
2472,2308,secondly,,
2473,3007,accusation,,
2474,2219,retired,,
2475,3495,designate,,
2476,1972,popular,,
2477,1652,mix,,
2478,1213,happiness,,
2479,3782,furious,,
2480,3194,breed,,
2481,2113,rapidly,,
2482,3039,agriculture,,
2483,3192,breakdown,,
2484,46,advanced,,
2485,29,activity,,
2486,1276,hope,,
2487,4255,overly,,
2488,913,establish,,
2489,1940,plant,,
2490,78,airline,,
2491,4234,opt,,
2492,1687,murder,,
2493,2067,proud,,
2494,1829,ours,,
2495,3055,ally,,
2496,3730,firework,,
2497,4054,listing,,
2498,1841,owe,,
2499,2217,retain,,
2500,2509,standard,,
2501,4137,mill,,
2502,1424,jeans,,
2503,3327,conception,,
2504,2105,racing,,
2505,2731,traditional,,
2506,156,arm,,
2507,4328,practitioner,,
2508,2863,wake,,
2509,873,employment,,
2510,2318,seem,,
2511,2705,toilet,,
2512,3042,albeit,,
2513,4182,necessity,,
2514,960,expert,,
2515,101,among,,
2516,4611,simulation,,
2517,2266,safety,,
2518,138,appearance,,
2519,1037,finally,,
2520,329,breath,,
2521,2199,rescue,,
2522,509,commitment,,
2523,3195,brick,,
2524,2338,session,,
2525,3435,cultivate,,
2526,1863,parking,,
2527,4694,strand,,
2528,637,cultural,,
2529,122,anxious,,
2530,4958,wipe,,
2531,1785,office,,
2532,4533,rip,,
2533,4450,recession,,
2534,746,direct,,
2535,4297,perception,,
2536,817,dvd,,
2537,2419,skiing,,
2538,3738,flee,,
2539,2357,sharp,,
2540,2374,shop,,
2541,4488,removal,,
2542,4206,notify,,
2543,2743,traveller,,
2544,2248,route,,
2545,4176,namely,,
2546,2536,straight,,
2547,3575,drift,,
2548,2764,turn,,
2549,1513,licence,,
2550,751,dirty,,
2551,3113,asylum,,
2552,570,contest,,
2553,2577,summary,,
2554,4524,reverse,,
2555,4235,optical,,
2556,3309,complement,,
2557,1917,photograph,,
2558,816,duty,,
2559,161,arrange,,
2560,1869,particularly,,
2561,3638,enrol,,
2562,664,daughter,,
2563,3911,indictment,,
2564,3716,fate,,
2565,3316,composer,,
2566,2195,reputation,,
2567,1136,game,,
2568,2101,quite,,
2569,2926,window,,
2570,4240,organic,,
2571,391,careless,,
2572,1303,ice,,
2573,119,annual,,
2574,224,bank,,
2575,88,almost,,
2576,1067,flower,,
2577,1332,impressed,,
2578,2741,transport,,
2579,773,distribution,,
2580,1773,occasion,,
2581,589,copy,,
2582,3285,colony,,
2583,3506,devastate,,
2584,1297,hunting,,
2585,4881,unify,,
2586,514,communication,,
2587,2408,sink,,
2588,4713,substantially,,
2589,1695,myself,,
2590,143,appreciate,,
2591,120,another,,
2592,810,drum,,
2593,1394,internal,,
2594,951,expect,,
2595,925,everybody,,
2596,2628,teacher,,
2597,2674,thirsty,,
2598,3736,flaw,,
2599,1568,magazine,,
2600,2502,stable,,
2601,1352,individual,,
2602,4961,withdraw,,
2603,4047,likelihood,,
2604,735,dictionary,,
2605,3705,facilitate,,
2606,381,capacity,,
2607,1201,gun,,
2608,3277,coincide,,
2609,2754,truck,,
2610,4212,nursing,,
2611,1057,flame,,
2612,1547,look,,
2613,1239,helicopter,,
2614,2176,religion,,
2615,1251,hi,,
2616,2355,shape,,
2617,2962,written,,
2618,3891,immune,,
2619,3073,anonymous,,
2620,704,department,,
2621,4327,potentially,,
2622,781,documentary,,
2623,1548,loose,,
2624,623,criminal,,
2625,331,breathing,,
2626,982,factor,,
2627,2651,thank,,
2628,1520,likely,,
2629,3228,cater,,
2630,2409,sir,,
2631,2608,system,,
2632,3722,fever,,
2633,2149,reduction,,
2634,2188,repeated,,
2635,1104,frequently,,
2636,365,cake,,
2637,2955,would,,
2638,2667,thick,,
2639,4222,occupation,,
2640,1295,hungry,,
2641,2715,topic,,
2642,4534,risky,,
2643,2776,ultimately,,
2644,3814,grasp,,
2645,899,entirely,,
2646,1234,heaven,,
2647,210,baby,,
2648,1937,plane,,
2649,3160,beneficial,,
2650,2049,profit,,
2651,4082,major,,
2652,1042,fine,,
2653,4681,starve,,
2654,2454,solid,,
2655,2367,ship,,
2656,1485,layer,,
2657,467,clever,,
2658,2413,situation,,
2659,1980,possess,,
2660,84,alive,,
2661,4159,monster,,
2662,6,above,,
2663,1135,gallery,,
2664,2916,why,,
2665,4486,remedy,,
2666,4501,reside,,
2667,382,capital,,
2668,57,afraid,,
2669,2200,research,,
2670,1016,feed,,
2671,3748,forecast,,
2672,3288,combat,,
2673,2148,reduce,,
2674,3086,arbitrary,,
2675,2061,proposal,,
2676,4770,teens,,
2677,2038,problem,,
2678,3356,consolidate,,
2679,539,condition,,
2680,1963,policy,,
2681,4856,tribute,,
2682,2526,sticky,,
2683,836,educated,,
2684,3470,delegate,,
2685,1125,fund,,
2686,901,entry,,
2687,920,evening,,
2688,1200,guitar,,
2689,3541,disposal,,
2690,3060,ambassador,,
2691,1805,opinion,,
2692,4041,liberation,,
2693,1192,grow,,
2694,2854,vital,,
2695,293,blog,,
2696,73,ahead,,
2697,1987,pot,,
2698,1027,fifteen,,
2699,4257,overseas,,
2700,4344,premier,,
2701,2134,receipt,,
2702,157,armed,,
2703,3839,hardware,,
2704,2292,scheme,,
2705,2799,university,,
2706,2694,till,,
2707,544,confirm,,
2708,4530,ridiculous,,
2709,42,admit,,
2710,958,experienced,,
2711,339,broadcast,,
2712,4162,morality,,
2713,4711,subsidy,,
2714,3958,integrate,,
2715,4198,non-profit,,
2716,349,bunch,,
2717,992,family,,
2718,568,contemporary,,
2719,3894,implication,,
2720,2734,trainer,,
2721,642,curly,,
2722,242,beat,,
2723,87,allow,,
2724,4656,spell,,
2725,1218,harmful,,
2726,1050,fishing,,
2727,1223,he,,
2728,3600,elaborate,,
2729,4207,notorious,,
2730,4434,rat,,
2731,601,count,,
2732,964,exploration,,
2733,831,edge,,
2734,2769,twin,,
2735,289,blame,,
2736,2382,shower,,
2737,2627,teach,,
2738,353,bush,,
2739,3004,accumulation,,
2740,952,expectation,,
2741,1842,own,,
2742,3944,inspector,,
2743,1740,noise,,
2744,3167,bind,,
2745,984,fail,,
2746,652,cycle,,
2747,2756,truly,,
2748,2410,sister,,
2749,1508,lesson,,
2750,1633,might,,
2751,2920,wild,,
2752,443,child,,
2753,2850,vision,,
2754,506,commercial,,
2755,371,campaign,,
2756,2956,wound,,
2757,4720,successive,,
2758,2366,shiny,,
2759,3571,dot,,
2760,3978,intervene,,
2761,1187,green,,
2762,3694,exploit,,
2763,2745,treatment,,
2764,1756,now,,
2765,4424,radar,,
2766,1885,peaceful,,
2767,3609,elite,,
2768,3932,injection,,
2769,4270,parameter,,
2770,3475,democratic,,
2771,3685,exit,,
2772,1438,june,,
2773,3904,incorporate,,
2774,1431,journey,,
2775,3201,brutal,,
2776,2352,shall,,
2777,3878,hypothesis,,
2778,3975,intermediate,,
2779,3544,disrupt,,
2780,4186,neighbouring,,
2781,793,downwards,,
2782,2713,tooth,,
2783,4529,rhetoric,,
2784,80,alarm,,
2785,867,emotional,,
2786,444,childhood,,
2787,4231,opera,,
2788,2245,rope,,
2789,3231,cautious,,
2790,1667,moral,,
2791,419,chairman,,
2792,515,community,,
2793,2202,reservation,,
2794,1549,lord,,
2795,651,cut,,
2796,249,bee,,
2797,579,control,,
2798,2820,used to,,
2799,1812,option,,
2800,1292,humorous,,
2801,466,clearly,,
2802,3445,damaging,,
2803,3478,denial,,
2804,68,aggressive,,
2805,165,arrive,,
2806,1878,past,,
2807,737,diet,,
2808,3746,footage,,
2809,2261,rural,,
2810,2358,she,,
2811,1326,import,,
2812,1737,no,,
2813,2225,reward,,
2814,680,decoration,,
2815,3267,cling,,
2816,2279,satisfied,,
2817,4776,tender,,
2818,786,donate,,
2819,2456,solve,,
2820,689,definitely,,
2821,3016,adaptation,,
2822,3052,allocate,,
2823,569,content,,
2824,3040,aide,,
2825,4098,marker,,
2826,4399,protein,,
2827,131,apartment,,
2828,3425,creep,,
2829,3261,clash,,
2830,1896,perfectly,,
2831,3873,humanitarian,,
2832,3191,breach,,
2833,3929,inhibit,,
2834,1704,native,,
2835,2571,suggest,,
2836,2839,via,,
2837,3464,defect,,
2838,159,army,,
2839,4036,lesbian,,
2840,83,alcoholic,,
2841,2800,unknown,,
2842,4467,regardless,,
2843,2283,save,,
2844,4831,trace,,
2845,4029,legendary,,
2846,3177,bless,,
2847,3621,empower,,
2848,3152,bay,,
2849,2592,surprising,,
2850,959,experiment,,
2851,1131,further,,
2852,4362,primarily,,
2853,93,alter,,
2854,3669,exaggerate,,
2855,4461,reflection,,
2856,4213,nutrition,,
2857,1450,killing,,
2858,1464,labour,,
2859,1227,health,,
2860,3242,charm,,
2861,3412,counter,,
2862,2429,slightly,,
2863,1385,intelligence,,
2864,1170,goodbye,,
2865,944,excuse,,
2866,1744,normal,,
2867,2671,think,,
2868,3706,faction,,
2869,2427,slide,,
2870,4562,scenario,,
2871,344,bubble,,
2872,1288,how,,
2873,955,expense,,
2874,3967,interact,,
2875,4276,partially,,
2876,1281,host,,
2877,803,dressed,,
2878,3939,insert,,
2879,3682,exert,,
2880,3070,angel,,
2881,1114,frog,,
2882,3305,compensation,,
2883,1572,mainly,,
2884,188,attach,,
2885,2912,who,,
2886,4951,whoever,,
2887,2827,valuable,,
2888,3361,constitutional,,
2889,92,also,,
2890,880,enemy,,
2891,1849,painful,,
2892,410,cent,,
2893,1970,poor,,
2894,3047,alike,,
2895,1786,officer,,
2896,711,description,,
2897,4459,referee,,
2898,1022,fence,,
2899,39,address,,
2900,1839,over,,
2901,4287,patience,,
2902,4321,pop,,
2903,2368,shirt,,
2904,4147,misleading,,
2905,3207,burden,,
2906,141,apply,,
2907,1109,friendly,,
2908,1021,female,,
2909,2872,washing,,
2910,606,courage,,
2911,4219,obsession,,
2912,2722,tourist,,
2913,3479,denounce,,
2914,2790,unfair,,
2915,56,afford,,
2916,603,countryside,,
2917,67,agent,,
2918,4593,shareholder,,
2919,2465,song,,
2920,1654,mixture,,
2921,3144,barely,,
2922,343,brush,,
2923,4974,youngster,,
2924,2878,we,,
2925,4757,sword,,
2926,2342,seven,,
2927,618,creative,,
2928,2182,remind,,
2929,1098,fourth,,
2930,3569,donor,,
2931,3882,ideological,,
2932,4526,revival,,
2933,2642,ten,,
2934,1408,investment,,
2935,2537,strange,,
2936,2081,pure,,
2937,1378,instead,,
2938,189,attack,,
2939,2646,term,,
2940,4582,sensitivity,,
2941,2861,wait,,
2942,3390,coordinate,,
2943,4454,reconstruction,,
2944,2935,within,,
2945,2402,since,,
2946,1754,novel,,
2947,4826,torture,,
2948,2078,punishment,,
2949,2436,smell,,
2950,4063,logic,,
2951,3518,dimension,,
2952,1909,persuade,,
2953,296,blow,,
2954,2403,sincere,,
2955,4379,profitable,,
2956,1774,occasionally,,
2957,1407,investigation,,
2958,1733,nightmare,,
2959,777,divorced,,
2960,1811,opposition,,
2961,3104,assert,,
2962,2544,stretch,,
2963,1076,following,,
2964,2388,sign,,
2965,4581,sensation,,
2966,1423,jazz,,
2967,2151,reference,,
2968,1495,learning,,
2969,4498,reproduction,,
2970,1481,launch,,
2971,3784,gambling,,
2972,3774,frustrating,,
2973,648,curved,,
2974,1412,involved,,
2975,2432,slow,,
2976,4166,motion,,
2977,1890,people,,
2978,3828,guilt,,
2979,2328,sentence,,
2980,97,amazed,,
2981,3094,articulate,,
2982,2426,slice,,
2983,3363,consult,,
2984,3869,horn,,
2985,263,belong,,
2986,1284,hour,,
2987,3260,clarity,,
2988,2566,such,,
2989,2481,specific,,
2990,4844,transmit,,
2991,1384,insurance,,
2992,326,break,,
2993,1112,frightened,,
2994,4025,leak,,
2995,3970,interface,,
2996,2922,will,,
2997,4296,perceive,,
2998,3668,evolve,,
2999,4797,theft,,
3000,4870,ultimate,,
3001,753,disagree,,
3002,1777,october,,
3003,2187,repeat,,
3004,978,eye,,
3005,1235,heavily,,
3006,891,enquiry,,
3007,3546,dissolve,,
3008,3398,correction,,
3009,1895,perfect,,
3010,3762,foundation,,
3011,448,choose,,
3012,3987,invoke,,
3013,3582,dumb,,
3014,650,customer,,
3015,3547,distant,,
3016,1903,permit,,
3017,3173,blanket,,
3018,3532,disclose,,
3019,2422,skirt,,
3020,1912,phase,,
3021,4002,jurisdiction,,
3022,2690,ticket,,
3023,3271,closure,,
3024,2136,recent,,
3025,4895,utterly,,
3026,2605,symbol,,
3027,10,academic,,
3028,355,businessman,,
3029,3725,film-maker,,
3030,3477,demonstration,,
3031,3765,fragile,,
3032,229,based,,
3033,3819,grid,,
3034,114,announce,,
3035,439,chemistry,,
3036,4428,raid,,
3037,3519,diminish,,
3038,4334,precisely,,
3039,3109,assumption,,
3040,649,custom,,
3041,4445,reassure,,
3042,4590,sexuality,,
3043,2494,spoken,,
3044,2486,spelling,,
3045,4649,specimen,,
3046,4439,readily,,
3047,2191,report,,
3048,1589,marketing,,
3049,3281,collective,,
3050,4948,whereby,,
3051,4226,offender,,
3052,4661,spite,,
3053,3161,beneficiary,,
3054,4228,offspring,,
3055,2129,realize,,
3056,4224,occurrence,,
3057,2258,run,,
3058,2903,whenever,,
3059,1864,parliament,,
3060,3850,helmet,,
3061,4905,venture,,
3062,1073,folding,,
3063,4416,puzzle,,
3064,1096,four,,
3065,3332,confess,,
3066,3914,indulge,,
3067,454,cite,,
3068,317,bowl,,
3069,2902,when,,
3070,1561,luck,,
3071,2360,sheet,,
3072,54,affair,,
3073,1575,majority,,
3074,535,concerned,,
3075,208,away,,
3076,1180,grandfather,,
3077,1986,poster,,
3078,904,episode,,
3079,364,cafe,,
3080,3790,gender,,
3081,4104,mathematical,,
3082,2120,react,,
3083,4716,subtle,,
3084,2068,prove,,
3085,4876,undermine,,
3086,37,addition,,
3087,3745,fool,,
3088,3566,dominance,,
3089,4742,surgeon,,
3090,2107,railway,,
3091,1767,obligation,,
3092,4522,revenge,,
3093,4739,suppress,,
3094,2803,unlikely,,
3095,2315,see,,
3096,1194,guarantee,,
3097,2695,time,,
3098,3662,evacuate,,
3099,1558,lovely,,
3100,1072,fold,,
3101,2023,primary,,
3102,4765,tactical,,
3103,2160,regularly,,
3104,1640,mine,,
3105,540,conduct,,
3106,3635,enjoyable,,
3107,496,coloured,,
3108,4005,justification,,
3109,2234,risk,,
3110,2464,son,,
3111,1661,money,,
3112,1310,ignore,,
3113,1914,philosophy,,
3114,4229,ongoing,,
3115,2596,survive,,
3116,965,explore,,
3117,4971,wrist,,
3118,788,double,,
3119,216,badly,,
3120,4525,revision,,
3121,2869,warn,,
3122,1732,night,,
3123,3034,affection,,
3124,4566,scope,,
3125,3353,considerably,,
3126,1967,politics,,
3127,1471,language,,
3128,3386,conviction,,
3129,4909,verse,,
3130,1437,jump,,
3131,2109,raise,,
3132,3123,authentic,,
3133,3624,encouragement,,
3134,3933,injustice,,
3135,1536,load,,
3136,748,directly,,
3137,4665,spokeswoman,,
3138,2579,sun,,
3139,2397,similar,,
3140,2996,accomplishment,,
3141,1975,port,,
3142,3501,detain,,
3143,2376,short,,
3144,4619,slam,,
3145,4324,portray,,
3146,1655,mobile,,
3147,409,cell,,
3148,4269,parallel,,
3149,1336,improvement,,
3150,4401,protocol,,
3151,3799,gig,,
3152,934,exam,,
3153,4788,terrorism,,
3154,1837,outside,,
3155,4164,mortgage,,
3156,1900,period,,
3157,1255,highly,,
3158,498,combination,,
3159,1831,out,,
3160,624,crisis,,
3161,1222,have to,,
3162,4719,succession,,
3163,1465,lack,,
3164,1651,mistake,,
3165,1171,goods,,
3166,823,earthquake,,
3167,1976,portrait,,
3168,268,bent,,
3169,4942,weird,,
3170,529,component,,
3171,1169,good,,
3172,144,approach,,
3173,2808,up,,
3174,3961,integrity,,
3175,2979,abolish,,
3176,2139,recipe,,
3177,3365,consultation,,
3178,179,assist,,
3179,1860,paragraph,,
3180,4105,mature,,
3181,2395,silly,,
3182,3088,archive,,
3183,3562,divorce,,
3184,3023,adjust,,
3185,654,daily,,
3186,4596,sheer,,
3187,2369,shock,,
3188,2881,wealth,,
3189,4492,rental,,
3190,3620,empirical,,
3191,808,drop,,
3192,416,certainly,,
3193,1452,kind,,
3194,1212,happily,,
3195,1550,lorry,,
3196,1753,notion,,
3197,846,eighteen,,
3198,2786,underwear,,
3199,739,different,,
3200,128,anyway,,
3201,2282,sauce,,
3202,3868,horizon,,
3203,4601,short-term,,
3204,2554,study,,
3205,3604,elegant,,
3206,4080,mainstream,,
3207,2947,working,,
3208,4871,unacceptable,,
3209,4322,portfolio,,
3210,2010,present,,
3211,3401,correspond,,
3212,1656,model,,
3213,545,conflict,,
3214,4597,shipping,,
3215,2262,rush,,
3216,4469,registration,,
3217,485,coat,,
3218,1237,heel,,
3219,145,appropriate,,
3220,1509,let,,
3221,2430,slip,,
3222,2301,sculpture,,
3223,2386,side,,
3224,2500,spring,,
3225,4567,scratch,,
3226,451,cinema,,
3227,4202,norm,,
3228,4389,pronounced,,
3229,3871,hostile,,
3230,3492,derive,,
3231,3795,genocide,,
3232,4664,spokesperson,,
3233,3043,alert,,
3234,2434,small,,
3235,503,comfortable,,
3236,1932,pipe,,
3237,1397,interpret,,
3238,3553,distract,,
3239,1071,focus,,
3240,1453,king,,
3241,2597,suspect,,
3242,2468,sort,,
3243,2805,unpleasant,,
3244,963,explode,,
3245,3749,foreigner,,
3246,1697,mystery,,
3247,1813,or,,
3248,905,equal,,
3249,497,column,,
3250,585,cook,,
3251,3006,accurately,,
3252,3093,arrow,,
3253,3282,collector,,
3254,1997,practice,,
3255,4764,tactic,,
3256,4897,vague,,
3257,4632,solely,,
3258,2415,sixteen,,
3259,903,environmental,,
3260,3926,inhabitant,,
3261,4618,skull,,
3262,3831,hail,,
3263,4846,transparent,,
3264,245,because,,
3265,706,depend,,
3266,1040,find,,
3267,488,coin,,
3268,4315,pledge,,
3269,551,connection,,
3270,3988,involvement,,
3271,3761,foster,,
3272,4692,straightforward,,
3273,4012,landing,,
3274,28,active,,
3275,3383,conversion,,
3276,4531,rifle,,
3277,2954,worth,,
3278,4479,relieve,,
3279,2774,tyre,,
3280,4449,receiver,,
3281,423,change,,
3282,3272,cluster,,
3283,3416,courtesy,,
3284,4732,superior,,
3285,1176,gradually,,
3286,4949,whilst,,
3287,2116,rate,,
3288,2088,qualified,,
3289,3770,fraud,,
3290,1183,grant,,
3291,4594,shatter,,
3292,759,discipline,,
3293,1436,july,,
3294,4740,supreme,,
3295,2361,shelf,,
3296,1726,new,,
3297,2527,stiff,,
3298,4906,verbal,,
3299,1243,helpful,,
3300,3466,defensive,,
3301,2164,related,,
3302,234,bath,,
3303,1355,industrial,,
3304,1208,hand,,
3305,4274,part-time,,
3306,1019,feeling,,
3307,3368,contempt,,
3308,2306,second,,
3309,1755,november,,
3310,4650,spectacle,,
3311,3339,confusion,,
3312,472,clock,,
3313,1494,learn,,
3314,2321,self,,
3315,893,enter,,
3316,2201,researcher,,
3317,1859,paper,,
3318,4777,tension,,
3319,2514,statement,,
3320,1865,part,,
3321,4879,unfold,,
3322,1140,garden,,
3323,2451,soil,,
3324,1685,multiply,,
3325,1236,heavy,,
3326,2572,suggestion,,
3327,3325,concede,,
3328,1827,ought,,
3329,3520,dip,,
3330,1053,five,,
3331,1087,fork,,
3332,3787,gay,,
3333,4786,territory,,
3334,3423,credibility,,
3335,804,drink,,
3336,1361,information,,
3337,2697,tiny,,
3338,4640,sovereignty,,
3339,2394,silk,,
3340,40,administration,,
3341,851,election,,
3342,3646,envelope,,
3343,1422,january,,
3344,4807,thoughtful,,
3345,1875,passenger,,
3346,312,boss,,
3347,4288,patrol,,
3348,4065,long-standing,,
3349,1763,o'clock,,
3350,2326,sensible,,
3351,4808,thread,,
3352,1405,invest,,
3353,1207,hall,,
3354,3672,exception,,
3355,1215,hard,,
3356,4966,workshop,,
3357,182,associated,,
3358,1302,i,,
3359,3953,insufficient,,
3360,1692,musician,,
3361,4802,thereby,,
3362,7,abroad,,
3363,1752,notice,,
3364,2265,safe,,
3365,195,attraction,,
3366,4453,recognition,,
3367,4180,navigation,,
3368,3691,expire,,
3369,3847,heal,,
3370,4854,tribe,,
3371,4706,submission,,
3372,3966,intent,,
3373,4346,premium,,
3374,1817,organ,,
3375,4227,offering,,
3376,1815,order,,
3377,3310,completion,,
3378,2294,science,,
3379,2482,specifically,,
3380,3232,cave,,
3381,2135,receive,,
3382,3942,inspect,,
3383,1689,museum,,
3384,4540,rock,,
3385,4068,loop,,
3386,4452,reckon,,
3387,4470,regulate,,
3388,3610,embark,,
3389,1475,last,,
3390,2609,t-shirt,,
3391,4355,presumably,,
3392,1782,offend,,
3393,4253,overcome,,
3394,734,diary,,
3395,4867,turnout,,
3396,2657,theirs,,
3397,1674,motorcycle,,
3398,2655,theatre,,
3399,2330,september,,
3400,89,alone,,
3401,1843,owner,,
3402,2072,pub,,
3403,2244,root,,
3404,3176,blend,,
3405,1203,gym,,
3406,578,contribution,,
3407,2679,thought,,
3408,445,chip,,
3409,2353,shallow,,
3410,4409,publishing,,
3411,3723,fibre,,
3412,4510,respectively,,
3413,4550,rumour,,
3414,2356,share,,
3415,4183,neglect,,
3416,4263,oxygen,,
3417,1915,phone,,
3418,4302,petition,,
3419,979,face,,
3420,3153,beam,,
3421,4600,shore,,
3422,629,criticize,,
3423,1154,ghost,,
3424,3803,globe,,
3425,2558,subject,,
3426,2491,spirit,,
3427,3563,doctrine,,
3428,3439,custody,,
3429,4291,peak,,
3430,4935,warming,,
3431,372,camping,,
3432,4103,mate,,
3433,728,develop,,
3434,2084,pursue,,
3435,2474,southern,,
3436,2220,return,,
3437,2210,respond,,
3438,490,collapse,,
3439,3533,disclosure,,
3440,4947,wheat,,
3441,2437,smile,,
3442,3044,alien,,
3443,2065,protection,,
3444,228,baseball,,
3445,878,end,,
3446,2143,record,,
3447,2204,resident,,
3448,1165,goal,,
3449,1268,hole,,
3450,792,downstairs,,
3451,285,bit,,
3452,3101,assault,,
3453,4945,well-being,,
3454,2365,shine,,
3455,4169,motive,,
3456,2825,vacation,,
3457,4833,trading,,
3458,3823,grip,,
3459,4688,stimulate,,
3460,3347,consensus,,
3461,2344,seventy,,
3462,1620,melt,,
3463,4911,vertical,,
3464,1921,physical,,
3465,999,farmer,,
3466,3379,controversy,,
3467,4731,superb,,
3468,1691,musical,,
3469,616,create,,
3470,1802,opening,,
3471,99,ambition,,
3472,1280,hospital,,
3473,2871,wash,,
3474,2919,wife,,
3475,989,fall,,
3476,4583,sentiment,,
3477,2927,wine,,
3478,2350,shadow,,
3479,395,cartoon,,
3480,1571,main,,
3481,3673,exceptional,,
3482,2904,where,,
3483,896,enthusiasm,,
3484,2549,strongly,,
3485,2256,rugby,,
3486,3509,devote,,
3487,1806,opponent,,
3488,479,cloud,,
3489,3106,asset,,
3490,3551,distinguish,,
3491,181,associate,,
3492,3138,balanced,,
3493,4926,voluntary,,
3494,462,classroom,,
3495,1473,large,,
3496,3984,investigator,,
3497,2058,proper,,
3498,3199,broadly,,
3499,1086,forgive,,
3500,4745,surrender,,
3501,3824,grocery,,
3502,1613,meat,,
3503,2950,worried,,
3504,3515,differentiate,,
3505,3184,booking,,
3506,2037,probably,,
3507,2675,thirteen,,
3508,3158,benchmark,,
3509,1819,organize,,
3510,1897,perform,,
3511,3821,grin,,
3512,2205,resist,,
3513,3872,hostility,,
3514,890,enough,,
3515,3917,infamous,,
3516,3539,disorder,,
3517,3091,arm,,
3518,1078,foot,,
3519,588,cool,,
3520,2471,soup,,
3521,4448,rebuild,,
3522,4542,rod,,
3523,2929,winner,,
3524,4468,regime,,
3525,3115,attachment,,
3526,4794,texture,,
3527,861,email,,
3528,4785,terrify,,
3529,3845,hazard,,
3530,4539,robust,,
3531,3263,classify,,
3532,1783,offensive,,
3533,2007,prepare,,
3534,4607,sigh,,
3535,1822,origin,,
3536,3642,enthusiast,,
3537,3598,efficiently,,
3538,4520,retrieve,,
3539,4233,operator,,
3540,1155,giant,,
3541,1946,pleasant,,
3542,322,branch,,
3543,1418,its,,
3544,2255,rude,,
3545,2638,television,,
3546,3096,ash,,
3547,1108,friend,,
3548,1874,passage,,
3549,4912,vessel,,
3550,2925,wind,,
3551,307,border,,
3552,3817,greatly,,
3553,1823,original,,
3554,2172,release,,
3555,1721,nervous,,
3556,3374,contractor,,
3557,4371,proceed,,
3558,1803,operate,,
3559,3270,clip,,
3560,2991,acceptance,,
3561,887,enhance,,
3562,4842,transit,,
3563,72,ah,,
3564,1622,memory,,
3565,510,committee,,
3566,3170,bishop,,
3567,14,accident,,
3568,526,completely,,
3569,1315,illustration,,
3570,3399,correlate,,
3571,987,fairly,,
3572,4313,plea,,
3573,4020,latter,,
3574,1102,freeze,,
3575,333,bridge,,
3576,3074,anticipate,,
3577,4615,sketch,,
3578,4033,legitimate,,
3579,4247,outlet,,
3580,3964,intensity,,
3581,3081,applicable,,
3582,3254,circulation,,
3583,2957,wow,,
3584,3893,implementation,,
3585,2891,weekend,,
3586,4880,unfortunate,,
3587,376,cancer,,
3588,4400,protester,,
3589,2612,tail,,
3590,2622,task,,
3591,3029,adolescent,,
3592,2180,remark,,
3593,1781,offence,,
3594,3896,imprisonment,,
3595,2941,wood,,
3596,4385,prominent,,
3597,247,bed,,
3598,1681,movie,,
3599,4484,remarkable,,
3600,3190,bow,,
3601,2618,tall,,
3602,1735,nineteen,,
3603,972,extent,,
3604,2233,rise,,
3605,1788,often,,
3606,4872,uncertainty,,
3607,2435,smart,,
3608,455,citizen,,
3609,2439,smoking,,
3610,3792,generic,,
3611,4317,plunge,,
3612,1657,modern,,
3613,2599,sweater,,
3614,168,artificial,,
3615,507,commission,,
3616,4599,shoot,,
3617,2314,security,,
3618,1094,forward,,
3619,2717,totally,,
3620,4430,rally,,
3621,1706,naturally,,
3622,62,against,,
3623,4816,timely,,
3624,2054,promise,,
3625,4927,voting,,
3626,1621,member,,
3627,1080,for,,
3628,2807,unusual,,
3629,1533,live,,
3630,4221,occasional,,
3631,2302,sea,,
3632,1311,ill,,
3633,1491,leaf,,
3634,4095,margin,,
3635,1375,inspire,,
3636,2472,source,,
3637,4273,parliamentary,,
3638,3147,basement,,
3639,407,celebration,,
3640,4171,moving,,
3641,3448,database,,
3642,1160,glad,,
3643,1262,historical,,
3644,226,barrier,,
3645,2907,whether,,
3646,4513,restraint,,
3647,4487,reminder,,
3648,4574,seemingly,,
3649,561,construct,,
3650,273,beyond,,
3651,3283,collision,,
3652,2375,shopping,,
3653,3822,grind,,
3654,3462,deem,,
3655,3318,compound,,
3656,4939,weave,,
3657,1260,his,,
3658,2000,pray,,
3659,2560,submit,,
3660,2218,retire,,
3661,4128,merge,,
3662,4960,wit,,
3663,789,doubt,,
3664,64,aged,,
3665,2203,reserve,,
3666,284,biscuit,,
3667,3126,automatic,,
3668,3615,embrace,,
3669,1553,lost,,
3670,2235,river,,
3671,3698,extension,,
3672,1552,loss,,
3673,3498,desperately,,
3674,1228,healthy,,
3675,2110,range,,
3676,2986,abundance,,
3677,4122,memorial,,
3678,2507,stamp,,
3679,2900,whatever,,
3680,2906,wherever,,
3681,4426,radical,,
3682,2003,prediction,,
3683,244,beauty,,
3684,3504,deteriorate,,
3685,183,association,,
3686,4278,partnership,,
3687,2997,accordance,,
3688,342,brown,,
3689,3794,genius,,
3690,3225,casual,,
3691,71,agreement,,
3692,334,brief,,
3693,620,credit,,
3694,1144,general,,
3695,1402,introduction,,
3696,2083,purpose,,
3697,638,culture,,
3698,4319,poll,,
3699,3000,accountable,,
3700,4768,taxpayer,,
3701,2483,speech,,
3702,2718,touch,,
3703,3050,allegedly,,
3704,4225,odds,,
3705,1472,laptop,,
3706,4040,liberal,,
3707,519,compete,,
3708,875,enable,,
3709,3209,burial,,
3710,2666,they,,
3711,3832,halfway,,
3712,4100,martial,,
3713,2616,talented,,
3714,1351,indirect,,
3715,4142,ministry,,
3716,993,famous,,
3717,2504,staff,,
3718,4200,nonsense,,
3719,3593,economist,,
3720,173,ask,,
3721,3114,atrocity,,
3722,3733,fit,,
3723,690,definition,,
3724,1543,logical,,
3725,1888,penny,,
3726,3210,burst,,
3727,3572,downtown,,
3728,3815,grave,,
3729,1591,married,,
3730,2551,struggle,,
3731,3657,essentially,,
3732,4432,ranking,,
3733,671,debt,,
3734,2238,rock,,
3735,2576,summarize,,
3736,3526,disagreement,,
3737,3299,comparable,,
3738,1650,mission,,
3739,538,conclusion,,
3740,2174,reliable,,
3741,3257,civilian,,
3742,3148,basket,,
3743,2784,understand,,
3744,3711,fake,,
3745,4444,reasoning,,
3746,2923,willing,,
3747,974,extra,,
3748,1770,obtain,,
3749,4587,settlement,,
3750,3181,bold,,
3751,2163,relate,,
3752,950,expand,,
3753,4460,referendum,,
3754,1312,illegal,,
3755,662,data,,
3756,2586,sure,,
3757,2582,supply,,
3758,953,expected,,
3759,3800,glance,,
3760,2758,truth,,
3761,4024,leaflet,,
3762,912,essential,,
3763,1929,pilot,,
3764,3768,franchise,,
3765,1747,northern,,
3766,193,attitude,,
3767,4014,landmark,,
3768,1504,lemon,,
3769,1810,opposite,,
3770,126,anyone,,
3771,2980,abortion,,
3772,956,expensive,,
3773,1387,intend,,
3774,839,effect,,
3775,4904,vein,,
3776,1724,never,,
3777,4342,prejudice,,
3778,3455,decision-making,,
3779,148,approximately,,
3780,2987,abuse,,
3781,736,die,,
3782,4578,selective,,
3783,3775,frustration,,
3784,2529,stock,,
3785,4552,sacred,,
3786,3661,ethnic,,
3787,1722,net,,
3788,347,building,,
3789,695,delicious,,
3790,85,all,,
3791,3683,exhibit,,
3792,4144,miracle,,
3793,3618,emotionally,,
3794,2740,translation,,
3795,2565,successfully,,
3796,4624,slot,,
3797,1528,list,,
3798,2173,relevant,,
3799,1707,nature,,
3800,883,engaged,,
3801,3485,depict,,
3802,3393,cop,,
3803,2841,victory,,
3804,3409,councillor,,
3805,3757,forthcoming,,
3806,4646,specialized,,
3807,600,council,,
3808,2795,unique,,
3809,203,available,,
3810,4791,testimony,,
3811,287,bitter,,
3812,714,design,,
3813,300,body,,
3814,3767,framework,,
3815,860,elsewhere,,
3816,3429,crude,,
3817,3858,hilarious,,
3818,1015,fee,,
3819,4211,nursery,,
3820,4754,sustainable,,
3821,3349,consequently,,
3822,491,colleague,,
3823,604,county,,
3824,1380,institution,,
3825,1736,ninety,,
3826,199,aunt,,
3827,4651,spectacular,,
3828,4676,stake,,
3829,412,centre,,
3830,598,cotton,,
3831,1673,motor,,
3832,3826,guidance,,
3833,3279,collaborate,,
3834,2229,rid,,
3835,2290,scene,,
3836,617,creation,,
3837,2828,value,,
3838,1611,measure,,
3839,4158,monopoly,,
3840,2603,swimming,,
3841,3331,confer,,
3842,2822,user,,
3843,4882,unite,,
3844,431,chat,,
3845,2965,yeah,,
3846,3549,distinction,,
3847,3428,crown,,
3848,1195,guard,,
3849,4245,outfit,,
3850,2052,progress,,
3851,1968,pollution,,
3852,1070,flying,,
3853,4544,rose,,
3854,1882,pay,,
3855,869,emphasize,,
3856,2513,state,,
3857,1948,pleased,,
3858,1132,furthermore,,
3859,1966,politician,,
3860,82,alcohol,,
3861,3846,headquarters,,
3862,2335,servant,,
3863,4892,useless,,
3864,2865,wall,,
3865,1768,observation,,
3866,3264,cleaning,,
3867,470,climate,,
3868,3432,crystal,,
3869,755,disappointed,,
3870,1054,fix,,
3871,4352,presidency,,
3872,3295,commissioner,,
3873,4337,predecessor,,
3874,1861,parent,,
3875,4022,lawsuit,,
3876,2275,sample,,
3877,3867,hopefully,,
3878,1270,hollow,,
3879,3983,invasion,,
3880,3890,imminent,,
3881,160,around,,
3882,3377,contributor,,
3883,838,educational,,
3884,3119,attribute,,
3885,653,dad,,
3886,1005,fasten,,
3887,4046,lighting,,
3888,3095,artwork,,
3889,1758,nuclear,,
3890,2243,room,,
3891,3357,conspiracy,,
3892,2952,worse,,
3893,4921,violation,,
3894,1219,hat,,
3895,1433,judge,,
3896,975,extraordinary,,
3897,1079,football,,
3898,4691,storage,,
3899,3252,circuit,,
3900,2720,tour,,
3901,3011,acre,,
3902,1314,illustrate,,
3903,1646,minute,,
3904,4481,reluctant,,
3905,1468,lamp,,
3906,4194,nod,,
3907,3145,bargain,,
3908,2995,accomplish,,
3909,3122,audit,,
3910,1567,mad,,
3911,2053,project,,
3912,3833,halt,,
3913,2838,very,,
3914,3139,ballet,,
3915,3388,cooperate,,
3916,2142,recommendation,,
3917,928,everything,,
3918,2590,surprise,,
3919,783,dollar,,
3920,2844,viewer,,
3921,4112,mechanism,,
3922,4086,mandatory,,
3923,2938,woman,,
3924,223,band,,
3925,215,bad,,
3926,4191,newsletter,,
3927,4168,motivation,,
3928,2126,real,,
3929,2714,top,,
3930,1525,lion,,
3931,4685,steer,,
3932,4653,spectrum,,
3933,2782,under,,
3934,884,engine,,
3935,3647,epidemic,,
3936,1345,increasingly,,
3937,1887,pencil,,
3938,577,contribute,,
3939,4579,seminar,,
3940,2289,scary,,
3941,718,desperate,,
3942,805,drive,,
3943,406,celebrate,,
3944,3076,apology,,
3945,2046,professional,,
3946,4196,nomination,,
3947,309,boring,,
3948,1273,homework,,
3949,2580,sunday,,
3950,4465,refusal,,
3951,757,disaster,,
3952,2928,wing,,
3953,841,effectively,,
3954,3945,inspiration,,
3955,3943,inspection,,
3956,1313,illness,,
3957,566,contain,,
3958,2696,tin,,
3959,2550,structure,,
3960,4771,temple,,
3961,3583,dump,,
3962,686,defend,,
3963,18,account,,
3964,3962,intellectual,,
3965,2992,accessible,,
3966,967,export,,
3967,404,cd,,
3968,3413,counterpart,,
3969,1551,lose,,
3970,4174,myth,,
3971,1010,favourite,,
3972,1623,mental,,
3973,4392,proposition,,
3974,3230,caution,,
3975,1627,message,,
3976,1046,firm,,
3977,4474,reign,,
3978,3483,dependence,,
3979,2354,shame,,
3980,699,delivery,,
3981,4081,maintenance,,
3982,2650,than,,
3983,1605,me,,
3984,2788,unemployment,,
3985,2909,while,,
3986,1762,nut,,
3987,1496,least,,
3988,4078,magnitude,,
3989,76,air,,
3990,854,electricity,,
3991,3511,diagnosis,,
3992,2128,reality,,
3993,2587,surely,,
3994,4277,participation,,
3995,3480,dense,,
3996,1635,mile,,
3997,1892,per,,
3998,2452,solar,,
3999,4725,sufficient,,
4000,559,constant,,
4001,2508,stand,,
4002,4132,methodology,,
4003,2528,still,,
4004,1146,generate,,
4005,2047,professor,,
4006,2945,work,,
4007,1609,means,,
4008,4258,oversee,,
4009,1356,industry,,
4010,3552,distort,,
4011,4636,somehow,,
4012,384,capture,,
4013,1330,impossible,,
4014,2221,reveal,,
4015,3484,dependent,,
4016,1818,organization,,
4017,4855,tribunal,,
4018,3092,array,,
4019,2166,relationship,,
4020,2104,race,,
4021,2334,seriously,,
4022,543,confident,,
4023,3650,equip,,
4024,1269,holiday,,
4025,2269,sailor,,
4026,1393,interesting,,
4027,2448,sock,,
4028,3249,chop,,
4029,747,direction,,
4030,658,dancing,,
4031,1939,planning,,
4032,202,autumn,,
4033,1784,offer,,
4034,4512,restore,,
4035,4085,mandate,,
4036,1498,leave,,
4037,2623,taste,,
4038,2059,properly,,
4039,2293,school,,
4040,2701,to,,
4041,3735,flavour,,
4042,1960,poisonous,,
4043,3389,cooperative,,
4044,163,arrest,,
4045,1893,per cent,,
4046,2982,absent,,
4047,1787,official,,
4048,1030,fight,,
4049,121,answer,,
4050,2006,preparation,,
4051,3529,disastrous,,
4052,504,command,,
4053,275,big,,
4054,3656,essence,,
4055,420,challenge,,
4056,1391,interest,,
4057,1321,immediately,,
4058,2824,usually,,
4059,2189,replace,,
4060,4441,realm,,
4061,2730,tradition,,
4062,4061,lobby,,
4063,1300,hurt,,
4064,4435,rating,,
4065,3418,crack,,
4066,4698,striking,,
4067,2842,video,,
4068,1973,popularity,,
4069,954,expedition,,
4070,1999,praise,,
4071,3460,dedication,,
4072,929,everywhere,,
4073,3813,graphics,,
4074,552,conscious,,
4075,1615,medical,,
4076,2729,trade,,
4077,3801,glimpse,,
4078,2563,success,,
4079,1334,impressive,,
4080,4268,parade,,
4081,4280,passionate,,
4082,3659,eternal,,
4083,4806,thought-provoking,,
4084,4248,outlook,,
4085,4722,suck,,
4086,47,advantage,,
4087,3516,dignity,,
4088,609,cousin,,
4089,1867,participate,,
4090,1279,horse,,
4091,3545,disruption,,
4092,2778,unable,,
4093,2476,speak,,
4094,1197,guest,,
4095,2339,set,,
4096,1797,onion,,
4097,3013,activation,,
4098,1113,frightening,,
4099,1134,gain,,
4100,368,calm,,
4101,1103,frequency,,
4102,2578,summer,,
4103,2387,sight,,
4104,4938,weaken,,
4105,1430,journalist,,
4106,576,contrast,,
4107,702,dentist,,
4108,886,engineering,,
4109,1807,opportunity,,
4110,446,chocolate,,
4111,2709,tongue,,
4112,4009,kit,,
4113,2874,watch,,
4114,4547,roughly,,
4115,842,efficient,,
4116,499,combine,,
4117,158,arms,,
4118,4148,missile,,
4119,408,celebrity,,
4120,2232,ring,,
4121,2106,radio,,
4122,3344,conscience,,
4123,4115,medieval,,
4124,2540,stream,,
4125,337,bring,,
4126,778,do,,
4127,4208,novel,,
4128,3844,haunt,,
4129,696,delight,,
4130,990,FALSE,,
4131,4546,rotation,,
4132,3291,commence,,
4133,2099,quietly,,
4134,605,couple,,
4135,200,author,,
4136,3132,awkward,,
4137,2911,white,,
4138,3731,firm,,
4139,44,adult,,
4140,2150,refer,,
4141,1541,location,,
4142,4406,psychiatric,,
4143,1097,fourteen,,
4144,4963,workforce,,
4145,1634,mild,,
4146,935,examination,,
4147,2584,supporter,,
4148,3385,convict,,
4149,3503,detention,,
4150,3384,convey,,
4151,3599,ego,,
4152,3686,exotic,,
4153,4577,seldom,,
4154,394,carry,,
4155,2711,too,,
4156,3410,counselling,,
4157,167,article,,
4158,3149,bass,,
4159,4187,nest,,
4160,4261,overwhelming,,
4161,2035,private,,
4162,4769,technological,,
4163,2567,sudden,,
4164,882,engage,,
4165,1535,living,,
4166,3920,infer,,
4167,3038,agricultural,,
4168,3156,beloved,,
4169,2241,romantic,,
4170,177,assessment,,
4171,418,chair,,
4172,2440,smooth,,
4173,3680,execute,,
4174,563,consume,,
4175,4018,laser,,
4176,4031,legislative,,
4177,4197,nominee,,
4178,3061,ambulance,,
4179,2263,sad,,
4180,4306,pill,,
4181,2280,satisfy,,
4182,350,burn,,
4183,3238,chamber,,
4184,1051,fit,,
4185,2594,surrounding,,
4186,3739,fleet,,
4187,2119,reach,,
4188,2602,swim,,
4189,282,birth,,
4190,4956,width,,
4191,4560,scare,,
4192,2478,special,,
4193,4747,survival,,
4194,3909,indication,,
4195,484,coast,,
4196,4097,marine,,
4197,1600,maths,,
4198,380,capable,,
4199,1398,interrupt,,
4200,1317,imaginary,,
4201,3856,high-profile,,
4202,4965,workplace,,
4203,3901,incidence,,
4204,1711,necessarily,,
4205,4506,resignation,,
4206,3490,deprive,,
4207,4237,optimistic,,
4208,3244,charter,,
4209,3017,addiction,,
4210,4678,stance,,
4211,4330,precede,,
4212,3892,implement,,
4213,3414,countless,,
4214,4898,valid,,
4215,2835,vehicle,,
4216,3717,favourable,,
4217,3886,illusion,,
4218,477,clothes,,
4219,1089,formal,,
4220,4298,permanently,,
4221,4244,outbreak,,
4222,4316,plug,,
4223,1127,funding,,
4224,45,advance,,
4225,4743,surgical,,
4226,3542,dispose,,
4227,3062,amend,,
4228,4477,relevance,,
4229,4382,progressive,,
4230,3268,clinic,,
4231,3861,historian,,
4232,473,close,,
4233,1230,hearing,,
4234,4218,obsess,,
4235,2103,quote,,
4236,4326,postpone,,
4237,2214,rest,,
4238,864,emerge,,
4239,768,dislike,,
4240,1910,pet,,
4241,4360,prey,,
4242,2323,send,,
4243,926,everyday,,
4244,3993,isolate,,
4245,4936,warrant,,
4246,147,approve,,
4247,4712,substantial,,
4248,178,assignment,,
4249,127,anything,,
4250,1298,hurricane,,
4251,96,always,,
4252,2416,sixty,,
4253,487,coffee,,
4254,4130,merit,,
4255,1426,job,,
4256,2226,rhythm,,
4257,1991,pour,,
4258,2984,abstract,,
4259,3627,endless,,
4260,124,any more,,
4261,1884,peace,,
4262,4888,upgrade,,
4263,4782,terrain,,
4264,3411,counsellor,,
4265,806,driver,,
4266,2450,software,,
4267,2707,tomorrow,,
4268,1306,ideal,,
4269,2147,red,,
4270,608,court,,
4271,176,assess,,
4272,3048,allegation,,
4273,1696,mysterious,,
4274,1824,originally,,
4275,1690,music,,
4276,1587,mark,,
4277,1446,keyboard,,
4278,4141,mining,,
4279,2371,shoe,,
4280,2983,absorb,,
4281,2097,quickly,,
4282,2538,stranger,,
4283,4825,top,,
4284,3005,accuracy,,
4285,169,artist,,
4286,800,drawing,,
4287,502,comfort,,
4288,3923,influential,,
4289,2783,underground,,
4290,743,dig,,
4291,4403,provincial,,
4292,2286,scale,,
4293,4667,sporting,,
4294,175,aspect,,
4295,1461,lab,,
4296,1371,insect,,
4297,1296,hunt,,
4298,397,cash,,
4299,3174,blast,,
4300,2798,universe,,
4301,832,edit,,
4302,4431,random,,
4303,3472,delete,,
4304,1540,located,,
4305,450,cigarette,,
4306,2297,score,,
4307,2313,secure,,
4308,4407,psychological,,
4309,362,bye,,
4310,3755,formulate,,
4311,1850,paint,,
4312,1852,painting,,
4313,4157,monk,,
4314,1357,infection,,
4315,631,cross,,
4316,2676,thirty,,
4317,3793,genetic,,
4318,3351,conserve,,
4319,4565,scholarship,,
4320,2661,then,,
4321,1630,metre,,
4322,779,doctor,,
4323,3187,bounce,,
4324,1671,mostly,,
4325,2492,spiritual,,
4326,2640,temperature,,
4327,4603,shortly,,
4328,1616,medicine,,
4329,2810,upon,,
4330,4358,prevalence,,
4331,302,bomb,,
4332,3897,inability,,
4333,4032,legislature,,
4334,1124,function,,
4335,1645,minority,,
4336,3302,compel,,
4337,243,beautiful,,
4338,1855,pale,,
4339,3204,buffer,,
4340,2975,yourself,,
4341,3179,blow,,
4342,4573,seeker,,
4343,4805,thoroughly,,
4344,2260,running,,
4345,531,concentrate,,
4346,1857,panel,,
4347,1209,handle,,
4348,2421,skin,,
4349,25,across,,
4350,2665,therefore,,
4351,973,external,,
4352,1148,generous,,
4353,1164,go,,
4354,2381,show,,
4355,4179,naval,,
4356,4638,sophisticated,,
4357,770,display,,
4358,2359,sheep,,
4359,1012,feather,,
4360,3637,enrich,,
4361,4106,maximize,,
4362,4443,reasonably,,
4363,1982,possibility,,
4364,910,especially,,
4365,2765,tv,,
4366,1624,mention,,
4367,524,complaint,,
4368,116,annoy,,
4369,3806,golden,,
4370,3221,cargo,,
4371,3300,comparative,,
4372,4813,tide,,
4373,764,discussion,,
4374,13,access,,
4375,4415,pursuit,,
4376,1516,lifestyle,,
4377,4427,rage,,
4378,3266,cliff,,
4379,232,basis,,
4380,1870,partly,,
4381,1962,policeman,,
4382,2716,total,,
4383,2453,soldier,,
4384,1068,flu,,
4385,730,device,,
4386,4735,supervisor,,
4387,3343,conquer,,
4388,1401,introduce,,
4389,481,clue,,
4390,3559,diversity,,
4391,4249,output,,
4392,4878,undoubtedly,,
4393,4696,strengthen,,
4394,2021,price,,
4395,3334,configuration,,
4396,345,budget,,
4397,3783,gallon,,
4398,915,estimate,,
4399,1989,potential,,
4400,3632,enforcement,,
4401,375,cancel,,
4402,2708,tone,,
4403,257,behaviour,,
4404,4353,presidential,,
4405,1814,orange,,
4406,1,a,,
4407,3233,cease,,
4408,4902,variation,,
4409,2946,worker,,
4410,3701,extract,,
4411,4563,sceptical,,
4412,4267,panic,,
4413,4668,spotlight,,
4414,3674,excess,,
4415,4907,verdict,,
4416,1323,impact,,
4417,1372,inside,,
4418,4217,observer,,
4419,1282,hot,,
4420,3968,interaction,,
4421,1574,major,,
4422,4502,residence,,
4423,2095,queue,,
4424,940,exchange,,
4425,1560,lower,,
4426,2028,print,,
4427,3338,confrontation,,
4428,1934,place,,
4429,1043,finger,,
4430,1448,kid,,
4431,4495,reporting,,
4432,4804,thorough,,
4433,4572,secular,,
4434,2853,visual,,
4435,1258,himself,,
4436,3809,governance,,
4437,205,avoid,,
4438,4372,proceeding,,
4439,3371,content,,
4440,4303,philosopher,,
4441,3258,civilization,,
4442,1636,military,,
4443,3026,administrative,,
4444,3469,defy,,
4445,3812,graphic,,
4446,281,bird,,
4447,1775,occur,,
4448,532,concentration,,
4449,4309,pirate,,
4450,2490,spider,,
4451,483,coal,,
4452,3098,aspiration,,
4453,948,exist,,
4454,4395,prosecutor,,
4455,667,deal,,
4456,52,advice,,
4457,853,electrical,,
4458,1703,national,,
4459,3296,commodity,,
4460,1143,gather,,
4461,3860,hip,,
4462,3602,electoral,,
4463,4623,slogan,,
4464,2662,theory,,
4465,660,dangerous,,
4466,2658,them,,
4467,4674,stability,,
4468,1331,impress,,
4469,3876,hunger,,
4470,2639,tell,,
4471,2531,stone,,
4472,1984,possibly,,
4473,1956,poetry,,
4474,3314,comply,,
4475,3568,donation,,
4476,4630,socialist,,
4477,4635,solo,,
4478,2127,realistic,,
4479,186,athlete,,
4480,4345,premise,,
4481,2441,snake,,
4482,4721,successor,,
4483,4049,limb,,
4484,4933,warehouse,,
4485,3408,costly,,
4486,659,danger,,
4487,1614,media,,
4488,3031,adverse,,
4489,2274,same,,
4490,1632,midnight,,
4491,1253,high,,
4492,4072,lyric,,
4493,4056,literally,,
4494,3875,humble,,
4495,3134,backing,,
4496,2953,worst,,
4497,2668,thief,,
4498,396,case,,
4499,2607,symptom,,
4500,1944,play,,
4501,3481,density,,
4502,4393,prosecute,,
4503,390,carefully,,
4504,3596,effectiveness,,
4505,283,birthday,,
4506,1489,leadership,,
4507,2077,punish,,
4508,1821,organizer,,
4509,771,distance,,
4510,2329,separate,,
4511,3297,communist,,
4512,3678,exclusive,,
4513,856,element,,
4514,2325,sense,,
4515,2811,upper,,
4516,4749,suspend,,
4517,4378,productivity,,
4518,3159,beneath,,
4519,565,contact,,
4520,3654,erupt,,
4521,4564,scholar,,
4522,2373,shooting,,
4523,3395,copper,,
4524,1629,method,,
4525,501,comedy,,
4526,60,afterwards,,
4527,4507,resistance,,
4528,2552,student,,
4529,4584,separation,,
4530,1484,lay,,
4531,4671,squad,,
4532,3183,bonus,,
4533,389,careful,,
4534,2497,sport,,
4535,4763,tackle,,
4536,550,connected,,
4537,3525,disabled,,
4538,1416,it,,
4539,2498,spot,,
4540,3729,firefighter,,
4541,1995,powerful,,
4542,4478,reliability,,
4543,2797,united,,
4544,1856,pan,,
4545,1497,leather,,
4546,3049,allege,,
4547,3200,browser,,
4548,4254,overlook,,
4549,4375,processor,,
4550,452,circle,,
4551,2515,station,,
4552,2041,produce,,
4553,388,career,,
4554,1075,follow,,
4555,2278,satellite,,
4556,3378,controversial,,
4557,2112,rapid,,
4558,2761,tuesday,,
4559,53,advise,,
4560,902,environment,,
4561,1499,lecture,,
4562,885,engineer,,
4563,1250,hey,,
4564,1959,poison,,
4565,3089,arena,,
4566,2748,trial,,
4567,279,bin,,
4568,4075,magistrate,,
4569,946,exercise,,
4570,4083,make-up,,
4571,697,delighted,,
4572,4039,liable,,
4573,4890,urgent,,
4574,297,blue,,
4575,900,entrance,,
4576,4349,presently,,
4577,1327,importance,,
4578,1286,household,,
4579,4160,monthly,,
4580,428,charge,,
4581,4292,peasant,,
4582,3853,heritage,,
4583,2475,space,,
4584,1320,immediate,,
4585,1105,fresh,,
4586,3956,intake,,
4587,3667,evolutionary,,
4588,70,agree,,
4589,921,event,,
4590,2014,press,,
4591,4629,soar,,
4592,4920,violate,,
4593,1242,help,,
4594,2239,role,,
4595,2534,storm,,
4596,2994,accommodate,,
4597,280,biology,,
4598,2932,wise,,
4599,4117,melody,,
4600,3222,carriage,,
4601,1347,incredibly,,
4602,1647,mirror,,
4603,2237,robot,,
4604,4190,newly,,
4605,1790,oil,,
4606,3487,deployment,,
4607,207,aware,,
4608,596,costume,,
4609,1348,indeed,,
4610,3769,frankly,,
4611,4457,recruit,,
4612,593,correct,,
4613,633,crowded,,
4614,3940,insertion,,
4615,1204,habit,,
4616,584,convinced,,
4617,4964,workout,,
4618,136,appeal,,
4619,241,bear,,
4620,1935,plain,,
4621,3597,efficiency,,
4622,3696,explosive,,
4623,2197,require,,
4624,2568,suddenly,,
4625,4354,prestigious,,
4626,1927,pig,,
4627,4753,sustain,,
4628,553,consequence,,
4629,3033,aesthetic,,
4630,3269,clinical,,
4631,1368,injury,,
4632,2370,shocked,,
4633,4633,solicitor,,
4634,4780,terminate,,
4635,1518,light,,
4636,2963,wrong,,
4637,815,dust,,
4638,2144,recording,,
4639,1031,fighting,,
4640,4001,junction,,
4641,2417,size,,
4642,2444,soap,,
4643,1427,join,,
4644,4017,large-scale,,
4645,437,chef,,
4646,4093,marathon,,
4647,4037,lesser,,
4648,4773,tempt,,
4649,1847,page,,
4650,4246,outing,,
4651,1240,hell,,
4652,2259,runner,,
4653,4121,memorable,,
4654,4790,testify,,
4655,2815,urban,,
4656,4873,undergo,,
4657,356,busy,,
4658,2165,relation,,
4659,1746,north,,
4660,1653,mixed,,
4661,2406,singing,,
4662,2532,stop,,
4663,399,castle,,
4664,1231,heart,,
4665,117,annoyed,,
4666,149,april,,
4667,35,adapt,,
4668,1483,lawyer,,
4669,16,accompany,,
4670,2208,resource,,
4671,1179,grand,,
4672,2043,product,,
4673,3496,desirable,,
4674,1506,length,,
4675,4004,just,,
4676,2892,weigh,,
4677,3528,disappointment,,
4678,4421,racial,,
4679,907,equipment,,
4680,3628,endorse,,
4681,1147,generation,,
4682,3454,debut,,
4683,133,app,,
4684,214,bacteria,,
4685,3444,dam,,
4686,3306,competence,,
4687,4508,resolution,,
4688,1930,pin,,
4689,4242,orientation,,
4690,1406,investigate,,
4691,1024,few,,
4692,2777,umbrella,,
4693,3340,congratulate,,
4694,1158,girlfriend,,
4695,12,acceptable,,
4696,2167,relative,,
4697,260,belief,,
4698,3741,flexibility,,
4699,4950,whip,,
4700,3102,assemble,,
4701,2575,sum,,
4702,4064,logo,,
4703,1383,instrument,,
4704,3087,architectural,,
4705,2867,war,,
4706,766,dish,,
4707,2781,unconscious,,
4708,3020,adequately,,
4709,2090,quality,,
4710,4071,loyalty,,
4711,374,can,,
4712,129,anywhere,,
4713,2897,western,,
4714,3537,discrimination,,
4715,1400,into,,
4716,2194,representative,,
4717,1118,fruit,,
4718,4821,tolerate,,
4719,3473,delicate,,
4720,1566,machine,,
4721,2236,road,,
4722,2364,shift,,
4723,4796,theatrical,,
4724,1199,guilty,,
4725,4528,revolutionary,,
4726,2196,request,,
4727,91,already,,
4728,4376,proclaim,,
4729,3889,immigration,,
4730,405,ceiling,,
4731,2496,spoon,,
4732,1459,know,,
4733,688,definite,,
4734,2145,recover,,
4735,684,defeat,,
4736,3036,aftermath,,
4737,4058,litre,,
4738,4616,skilled,,
4739,3719,federal,,
4740,3360,constitution,,
4741,1425,jewellery,,
4742,4129,merger,,
4743,3660,ethic,,
4744,2755,TRUE,,
4745,2868,warm,,
4746,1649,missing,,
4747,1328,important,,
4748,2412,site,,
4749,3584,duo,,
4750,2098,quiet,,
4751,2533,store,,
4752,1529,listen,,
4753,1059,flat,,
4754,103,analyse,,
4755,3653,erect,,
4756,2860,wage,,
4757,645,currently,,
4758,1996,practical,,
4759,3131,awareness,,
4760,2489,spicy,,
4761,1727,news,,
4762,4388,prompt,,
4763,3648,equality,,
4764,4932,ward,,
4765,1249,hesitate,,
4766,1026,field,,
4767,4339,predominantly,,
4768,3579,dual,,
4769,2460,something,,
4770,1918,photographer,,
4771,324,brave,,
4772,2519,stay,,
4773,1879,path,,
4774,369,camera,,
4775,1542,lock,,
4776,3097,aside,,
4777,1579,man,,
4778,21,achieve,,
4779,1965,political,,
4780,1519,like,,
4781,2027,principle,,
4782,4035,lens,,
4783,352,bus,,
4784,2934,with,,
4785,415,certain,,
4786,870,employ,,
4787,1880,patient,,
4788,438,chemical,,
4789,185,at,,
4790,4783,terribly,,
4791,4305,physician,,
4792,2025,prince,,
4793,3752,formation,,
4794,105,ancient,,
4795,2614,tale,,
4796,2809,update,,
4797,2034,privacy,,
4798,255,beginning,,
4799,1694,my,,
4800,1904,person,,
4801,4558,say,,
4802,3763,founder,,
4803,137,appear,,
4804,1922,physics,,
4805,2284,saving,,
4806,830,economy,,
4807,1828,our,,
4808,2487,spend,,
4809,1612,measurement,,
4810,1421,jam,,
4811,2501,square,,
4812,3064,amid,,
4813,2574,suitable,,
4814,3276,cognitive,,
4815,3576,driving,,
4816,2744,treat,,
4817,1876,passion,,
4818,2845,village,,
4819,4523,revenue,,
4820,294,blonde,,
4821,351,bury,,
4822,4752,suspicious,,
4823,4810,thrilled,,
4824,889,enormous,,
4825,4300,persistent,,
4826,938,excellent,,
4827,2347,sex,,
4828,1957,point,,
4829,3677,exclusion,,
4830,1669,morning,,
4831,4851,treaty,,
4832,2362,shell,,
4833,3422,creator,,
4834,3421,creativity,,
4835,1106,friday,,
4836,3905,incorrect,,
4837,1265,hobby,,
4838,4440,realization,,
4839,2459,someone,,
4840,2303,search,,
4841,3758,fortunate,,
4842,3124,authorize,,
4843,1308,identity,,
4844,248,bedroom,,
4845,2652,thanks,,
4846,2936,without,,
4847,3558,diverse,,
4848,9,absolutely,,
4849,261,believe,,
4850,2789,unexpected,,
4851,556,consideration,,
4852,1244,her,,
4853,4561,scattered,,
4854,1772,obviously,,
4855,3407,corruption,,
4856,2525,stick,,
4857,1038,finance,,
4858,4178,nationwide,,
4859,3514,differ,,
4860,1808,oppose,,
4861,2787,unemployed,,
4862,564,consumer,,
4863,872,employer,,
4864,586,cooker,,
4865,3084,appreciation,,
4866,1271,holy,,
4867,3837,harassment,,
4868,4051,line-up,,
4869,4455,recount,,
4870,3337,confront,,
4871,707,depressed,,
4872,1715,needle,,
4873,3214,canal,,
4874,2989,accelerate,,
4875,3287,columnist,,
4876,1439,junior,,
4877,1419,itself,,
4878,2183,remote,,
4879,3217,capability,,
4880,669,death,,
4881,74,aid,,
4882,1225,headache,,
4883,4184,negotiate,,
4884,217,bag,,
4885,1088,form,,
4886,612,cow,,
4887,1712,necessary,,
4888,4136,militia,,
4889,4329,preach,,
4890,3468,deficit,,
4891,3570,dose,,
4892,3216,canvas,,
4893,1854,palace,,
4894,3202,buck,,
4895,3973,interim,,
4896,4116,meditation,,
4897,1339,incident,,
4898,1001,fascinating,,
4899,1403,invent,,
4900,2879,weak,,
4901,3175,bleed,,
4902,1670,most,,
4903,4673,stab,,
4904,858,eleven,,
4905,2404,sing,,
4906,3099,aspire,,
4907,469,client,,
4908,2125,ready,,
4909,1795,once,,
4910,2121,reaction,,
4911,3930,initiate,,
4912,818,each,,
4913,1563,lunch,,
4914,4118,membership,,
4915,2152,reflect,,
4916,3521,diplomat,,
4917,4124,merchant,,
4918,303,bond,,
4919,4193,noble,,
4920,1748,nose,,
4921,4708,subscription,,
4922,2372,shoot,,
4923,2884,wear,,
4924,3918,infant,,
4925,834,editor,,
4926,2561,substance,,
4927,3507,devil,,
4928,3345,consciousness,,
4929,3996,jail,,
4930,2322,sell,,
4931,919,even,,
4932,2424,slave,,
4933,2880,weakness,,
4934,23,acknowledge,,
4935,3298,companion,,
4936,4571,seal,,
4937,3665,evoke,,
4938,694,deliberately,,
4939,2581,supermarket,,
4940,1173,government,,
4941,3293,commentator,,
4942,2298,scream,,
4943,155,arise,,
4944,2915,whose,,
4945,930,evidence,,
4946,1069,fly,,
4947,641,cure,,
4948,2619,tank,,
4949,4893,utility,,
4950,3433,cue,,
4951,2170,relaxed,,
4952,2918,widely,,
4953,4537,rob,,
4954,845,eight,,
4955,914,estate,,
4956,4919,villager,,
4957,3009,acid,,
4958,3125,auto,,
4959,724,detect,,
4960,640,cupboard,,
4961,4658,spill,,
4962,4262,ownership,,
4963,1492,league,,
4964,909,escape,,
4965,4023,layout,,
4966,3461,deed,,
4967,360,buy,,
4968,4604,shrink,,
4969,4849,trauma,,
4970,4836,trail,,
4971,1028,fifth,,
4972,3437,curious,,
4973,2988,academy,,
