id,word,synonyms,example
1,a,,
2,abandon,,
3,ability,,
4,able,,
5,about,,
6,above,,
7,abroad,,
8,absolute,,
9,absolutely,,
10,academic,,
11,accept,,
12,acceptable,,
13,access,,
14,accident,,
15,accommodation,,
16,accompany,,
17,according to,,
18,account,,
19,accurate,,
20,accuse,,
21,achieve,,
22,achievement,,
23,acknowledge,,
24,acquire,,
25,across,,
26,act,,
27,action,,
28,active,,
29,activity,,
30,actor,,
31,actress,,
32,actual,,
33,actually,,
34,ad,,
35,adapt,,
36,add,,
37,addition,,
38,additional,,
39,address,,
40,administration,,
41,admire,,
42,admit,,
43,adopt,,
44,adult,,
45,advance,,
46,advanced,,
47,advantage,,
48,adventure,,
49,advertise,,
50,advertisement,,
51,advertising,,
52,advice,,
53,advise,,
54,affair,,
55,affect,,
56,afford,,
57,afraid,,
58,after,,
59,afternoon,,
60,afterwards,,
61,again,,
62,against,,
63,age,,
64,aged,,
65,agency,,
66,agenda,,
67,agent,,
68,aggressive,,
69,ago,,
70,agree,,
71,agreement,,
72,ah,,
73,ahead,,
74,aid,,
75,aim,,
76,air,,
77,aircraft,,
78,airline,,
79,airport,,
80,alarm,,
81,album,,
82,alcohol,,
83,alcoholic,,
84,alive,,
85,all,,
86,all right,,
87,allow,,
88,almost,,
89,alone,,
90,along,,
91,already,,
92,also,,
93,alter,,
94,alternative,,
95,although,,
96,always,,
97,amazed,,
98,amazing,,
99,ambition,,
100,ambitious,,
101,among,,
102,amount,,
103,analyse,,
104,analysis,,
105,ancient,,
106,and,,
107,anger,,
108,angle,,
109,angrily,,
110,angry,,
111,animal,,
112,ankle,,
113,anniversary,,
114,announce,,
115,announcement,,
116,annoy,,
117,annoyed,,
118,annoying,,
119,annual,,
120,another,,
121,answer,,
122,anxious,,
123,any,,
124,any more,,
125,anybody,,
126,anyone,,
127,anything,,
128,anyway,,
129,anywhere,,
130,apart,,
131,apartment,,
132,apologize,,
133,app,,
134,apparent,,
135,apparently,,
136,appeal,,
137,appear,,
138,appearance,,
139,apple,,
140,application,,
141,apply,,
142,appointment,,
143,appreciate,,
144,approach,,
145,appropriate,,
146,approval,,
147,approve,,
148,approximately,,
149,april,,
150,architect,,
151,architecture,,
152,area,,
153,argue,,
154,argument,,
155,arise,,
156,arm,,
157,armed,,
158,arms,,
159,army,,
160,around,,
161,arrange,,
162,arrangement,,
163,arrest,,
164,arrival,,
165,arrive,,
166,art,,
167,article,,
168,artificial,,
169,artist,,
170,artistic,,
171,as,,
172,ashamed,,
173,ask,,
174,asleep,,
175,aspect,,
176,assess,,
177,assessment,,
178,assignment,,
179,assist,,
180,assistant,,
181,associate,,
182,associated,,
183,association,,
184,assume,,
185,at,,
186,athlete,,
187,atmosphere,,
188,attach,,
189,attack,,
190,attempt,,
191,attend,,
192,attention,,
193,attitude,,
194,attract,,
195,attraction,,
196,attractive,,
197,audience,,
198,august,,
199,aunt,,
200,author,,
201,authority,,
202,autumn,,
203,available,,
204,average,,
205,avoid,,
206,award,,
207,aware,,
208,away,,
209,awful,,
210,baby,,
211,back,,
212,background,,
213,backwards,,
214,bacteria,,
215,bad,,
216,badly,,
217,bag,,
218,bake,,
219,balance,,
220,ball,,
221,ban,,
222,banana,,
223,band,,
224,bank,,
225,bar,,
226,barrier,,
227,base,,
228,baseball,,
229,based,,
230,basic,,
231,basically,,
232,basis,,
233,basketball,,
234,bath,,
235,bathroom,,
236,battery,,
237,battle,,
238,be,,
239,beach,,
240,bean,,
241,bear,,
242,beat,,
243,beautiful,,
244,beauty,,
245,because,,
246,become,,
247,bed,,
248,bedroom,,
249,bee,,
250,beef,,
251,beer,,
252,before,,
253,beg,,
254,begin,,
255,beginning,,
256,behave,,
257,behaviour,,
258,behind,,
259,being,,
260,belief,,
261,believe,,
262,bell,,
263,belong,,
264,below,,
265,belt,,
266,bend,,
267,benefit,,
268,bent,,
269,best,,
270,bet,,
271,better,,
272,between,,
273,beyond,,
274,bicycle,,
275,big,,
276,bike,,
277,bill,,
278,billion,,
279,bin,,
280,biology,,
281,bird,,
282,birth,,
283,birthday,,
284,biscuit,,
285,bit,,
286,bite,,
287,bitter,,
288,black,,
289,blame,,
290,blank,,
291,blind,,
292,block,,
293,blog,,
294,blonde,,
295,blood,,
296,blow,,
297,blue,,
298,board,,
299,boat,,
300,body,,
301,boil,,
302,bomb,,
303,bond,,
304,bone,,
305,book,,
306,boot,,
307,border,,
308,bored,,
309,boring,,
310,born,,
311,borrow,,
312,boss,,
313,both,,
314,bother,,
315,bottle,,
316,bottom,,
317,bowl,,
318,box,,
319,boy,,
320,boyfriend,,
321,brain,,
322,branch,,
323,brand,,
324,brave,,
325,bread,,
326,break,,
327,breakfast,,
328,breast,,
329,breath,,
330,breathe,,
331,breathing,,
332,bride,,
333,bridge,,
334,brief,,
335,bright,,
336,brilliant,,
337,bring,,
338,broad,,
339,broadcast,,
340,broken,,
341,brother,,
342,brown,,
343,brush,,
344,bubble,,
345,budget,,
346,build,,
347,building,,
348,bullet,,
349,bunch,,
350,burn,,
351,bury,,
352,bus,,
353,bush,,
354,business,,
355,businessman,,
356,busy,,
357,but,,
358,butter,,
359,button,,
360,buy,,
361,by,,
362,bye,,
363,cable,,
364,cafe,,
365,cake,,
366,calculate,,
367,call,,
368,calm,,
369,camera,,
370,camp,,
371,campaign,,
372,camping,,
373,campus,,
374,can,,
375,cancel,,
376,cancer,,
377,candidate,,
378,cannot,,
379,cap,,
380,capable,,
381,capacity,,
382,capital,,
383,captain,,
384,capture,,
385,car,,
386,card,,
387,care,,
388,career,,
389,careful,,
390,carefully,,
391,careless,,
392,carpet,,
393,carrot,,
394,carry,,
395,cartoon,,
396,case,,
397,cash,,
398,cast,,
399,castle,,
400,cat,,
401,catch,,
402,category,,
403,cause,,
404,cd,,
405,ceiling,,
406,celebrate,,
407,celebration,,
408,celebrity,,
409,cell,,
410,cent,,
411,central,,
412,centre,,
413,century,,
414,ceremony,,
415,certain,,
416,certainly,,
417,chain,,
418,chair,,
419,chairman,,
420,challenge,,
421,champion,,
422,chance,,
423,change,,
424,channel,,
425,chapter,,
426,character,,
427,characteristic,,
428,charge,,
429,charity,,
430,chart,,
431,chat,,
432,cheap,,
433,cheat,,
434,check,,
435,cheerful,,
436,cheese,,
437,chef,,
438,chemical,,
439,chemistry,,
440,chest,,
441,chicken,,
442,chief,,
443,child,,
444,childhood,,
445,chip,,
446,chocolate,,
447,choice,,
448,choose,,
449,church,,
450,cigarette,,
451,cinema,,
452,circle,,
453,circumstance,,
454,cite,,
455,citizen,,
456,city,,
457,civil,,
458,claim,,
459,class,,
460,classic,,
461,classical,,
462,classroom,,
463,clause,,
464,clean,,
465,clear,,
466,clearly,,
467,clever,,
468,click,,
469,client,,
470,climate,,
471,climb,,
472,clock,,
473,close,,
474,closed,,
475,closely,,
476,cloth,,
477,clothes,,
478,clothing,,
479,cloud,,
480,club,,
481,clue,,
482,coach,,
483,coal,,
484,coast,,
485,coat,,
486,code,,
487,coffee,,
488,coin,,
489,cold,,
490,collapse,,
491,colleague,,
492,collect,,
493,collection,,
494,college,,
495,colour,,
496,coloured,,
497,column,,
498,combination,,
499,combine,,
500,come,,
501,comedy,,
502,comfort,,
503,comfortable,,
504,command,,
505,comment,,
506,commercial,,
507,commission,,
508,commit,,
509,commitment,,
510,committee,,
511,common,,
512,commonly,,
513,communicate,,
514,communication,,
515,community,,
516,company,,
517,compare,,
518,comparison,,
519,compete,,
520,competition,,
521,competitive,,
522,competitor,,
523,complain,,
524,complaint,,
525,complete,,
526,completely,,
527,complex,,
528,complicated,,
529,component,,
530,computer,,
531,concentrate,,
532,concentration,,
533,concept,,
534,concern,,
535,concerned,,
536,concert,,
537,conclude,,
538,conclusion,,
539,condition,,
540,conduct,,
541,conference,,
542,confidence,,
543,confident,,
544,confirm,,
545,conflict,,
546,confuse,,
547,confused,,
548,confusing,,
549,connect,,
550,connected,,
551,connection,,
552,conscious,,
553,consequence,,
554,conservative,,
555,consider,,
556,consideration,,
557,consist,,
558,consistent,,
559,constant,,
560,constantly,,
561,construct,,
562,construction,,
563,consume,,
564,consumer,,
565,contact,,
566,contain,,
567,container,,
568,contemporary,,
569,content,,
570,contest,,
571,context,,
572,continent,,
573,continue,,
574,continuous,,
575,contract,,
576,contrast,,
577,contribute,,
578,contribution,,
579,control,,
580,convenient,,
581,conversation,,
582,convert,,
583,convince,,
584,convinced,,
585,cook,,
586,cooker,,
587,cooking,,
588,cool,,
589,copy,,
590,core,,
591,corner,,
592,corporate,,
593,correct,,
594,correctly,,
595,cost,,
596,costume,,
597,cottage,,
598,cotton,,
599,could,,
600,council,,
601,count,,
602,country,,
603,countryside,,
604,county,,
605,couple,,
606,courage,,
607,course,,
608,court,,
609,cousin,,
610,cover,,
611,covered,,
612,cow,,
613,crash,,
614,crazy,,
615,cream,,
616,create,,
617,creation,,
618,creative,,
619,creature,,
620,credit,,
621,crew,,
622,crime,,
623,criminal,,
624,crisis,,
625,criterion,,
626,critic,,
627,critical,,
628,criticism,,
629,criticize,,
630,crop,,
631,cross,,
632,crowd,,
633,crowded,,
634,crucial,,
635,cruel,,
636,cry,,
637,cultural,,
638,culture,,
639,cup,,
640,cupboard,,
641,cure,,
642,curly,,
643,currency,,
644,current,,
645,currently,,
646,curtain,,
647,curve,,
648,curved,,
649,custom,,
650,customer,,
651,cut,,
652,cycle,,
653,dad,,
654,daily,,
655,damage,,
656,dance,,
657,dancer,,
658,dancing,,
659,danger,,
660,dangerous,,
661,dark,,
662,data,,
663,date,,
664,daughter,,
665,day,,
666,dead,,
667,deal,,
668,dear,,
669,death,,
670,debate,,
671,debt,,
672,decade,,
673,december,,
674,decent,,
675,decide,,
676,decision,,
677,declare,,
678,decline,,
679,decorate,,
680,decoration,,
681,decrease,,
682,deep,,
683,deeply,,
684,defeat,,
685,defence,,
686,defend,,
687,define,,
688,definite,,
689,definitely,,
690,definition,,
691,degree,,
692,delay,,
693,deliberate,,
694,deliberately,,
695,delicious,,
696,delight,,
697,delighted,,
698,deliver,,
699,delivery,,
700,demand,,
701,demonstrate,,
702,dentist,,
703,deny,,
704,department,,
705,departure,,
706,depend,,
707,depressed,,
708,depressing,,
709,depth,,
710,describe,,
711,description,,
712,desert,,
713,deserve,,
714,design,,
715,designer,,
716,desire,,
717,desk,,
718,desperate,,
719,despite,,
720,destination,,
721,destroy,,
722,detail,,
723,detailed,,
724,detect,,
725,detective,,
726,determine,,
727,determined,,
728,develop,,
729,development,,
730,device,,
731,diagram,,
732,dialogue,,
733,diamond,,
734,diary,,
735,dictionary,,
736,die,,
737,diet,,
738,difference,,
739,different,,
740,differently,,
741,difficult,,
742,difficulty,,
743,dig,,
744,digital,,
745,dinner,,
746,direct,,
747,direction,,
748,directly,,
749,director,,
750,dirt,,
751,dirty,,
752,disadvantage,,
753,disagree,,
754,disappear,,
755,disappointed,,
756,disappointing,,
757,disaster,,
758,disc,,
759,discipline,,
760,discount,,
761,discover,,
762,discovery,,
763,discuss,,
764,discussion,,
765,disease,,
766,dish,,
767,dishonest,,
768,dislike,,
769,dismiss,,
770,display,,
771,distance,,
772,distribute,,
773,distribution,,
774,district,,
775,divide,,
776,division,,
777,divorced,,
778,do,,
779,doctor,,
780,document,,
781,documentary,,
782,dog,,
783,dollar,,
784,domestic,,
785,dominate,,
786,donate,,
787,door,,
788,double,,
789,doubt,,
790,down,,
791,download,,
792,downstairs,,
793,downwards,,
794,dozen,,
795,draft,,
796,drag,,
797,drama,,
798,dramatic,,
799,draw,,
800,drawing,,
801,dream,,
802,dress,,
803,dressed,,
804,drink,,
805,drive,,
806,driver,,
807,driving,,
808,drop,,
809,drug,,
810,drum,,
811,drunk,,
812,dry,,
813,due,,
814,during,,
815,dust,,
816,duty,,
817,dvd,,
818,each,,
819,ear,,
820,early,,
821,earn,,
822,earth,,
823,earthquake,,
824,easily,,
825,east,,
826,eastern,,
827,easy,,
828,eat,,
829,economic,,
830,economy,,
831,edge,,
832,edit,,
833,edition,,
834,editor,,
835,educate,,
836,educated,,
837,education,,
838,educational,,
839,effect,,
840,effective,,
841,effectively,,
842,efficient,,
843,effort,,
844,egg,,
845,eight,,
846,eighteen,,
847,eighty,,
848,either,,
849,elderly,,
850,elect,,
851,election,,
852,electric,,
853,electrical,,
854,electricity,,
855,electronic,,
856,element,,
857,elephant,,
858,eleven,,
859,else,,
860,elsewhere,,
861,email,,
862,embarrassed,,
863,embarrassing,,
864,emerge,,
865,emergency,,
866,emotion,,
867,emotional,,
868,emphasis,,
869,emphasize,,
870,employ,,
871,employee,,
872,employer,,
873,employment,,
874,empty,,
875,enable,,
876,encounter,,
877,encourage,,
878,end,,
879,ending,,
880,enemy,,
881,energy,,
882,engage,,
883,engaged,,
884,engine,,
885,engineer,,
886,engineering,,
887,enhance,,
888,enjoy,,
889,enormous,,
890,enough,,
891,enquiry,,
892,ensure,,
893,enter,,
894,entertain,,
895,entertainment,,
896,enthusiasm,,
897,enthusiastic,,
898,entire,,
899,entirely,,
900,entrance,,
901,entry,,
902,environment,,
903,environmental,,
904,episode,,
905,equal,,
906,equally,,
907,equipment,,
908,error,,
909,escape,,
910,especially,,
911,essay,,
912,essential,,
913,establish,,
914,estate,,
915,estimate,,
916,ethical,,
917,euro,,
918,evaluate,,
919,even,,
920,evening,,
921,event,,
922,eventually,,
923,ever,,
924,every,,
925,everybody,,
926,everyday,,
927,everyone,,
928,everything,,
929,everywhere,,
930,evidence,,
931,evil,,
932,exact,,
933,exactly,,
934,exam,,
935,examination,,
936,examine,,
937,example,,
938,excellent,,
939,except,,
940,exchange,,
941,excited,,
942,excitement,,
943,exciting,,
944,excuse,,
945,executive,,
946,exercise,,
947,exhibition,,
948,exist,,
949,existence,,
950,expand,,
951,expect,,
952,expectation,,
953,expected,,
954,expedition,,
955,expense,,
956,expensive,,
957,experience,,
958,experienced,,
959,experiment,,
960,expert,,
961,explain,,
962,explanation,,
963,explode,,
964,exploration,,
965,explore,,
966,explosion,,
967,export,,
968,expose,,
969,express,,
970,expression,,
971,extend,,
972,extent,,
973,external,,
974,extra,,
975,extraordinary,,
976,extreme,,
977,extremely,,
978,eye,,
979,face,,
980,facility,,
981,fact,,
982,factor,,
983,factory,,
984,fail,,
985,failure,,
986,fair,,
987,fairly,,
988,faith,,
989,fall,,
990,FALSE,,
991,familiar,,
992,family,,
993,famous,,
994,fan,,
995,fancy,,
996,fantastic,,
997,far,,
998,farm,,
999,farmer,,
1000,farming,,
1001,fascinating,,
1002,fashion,,
1003,fashionable,,
1004,fast,,
1005,fasten,,
1006,fat,,
1007,father,,
1008,fault,,
1009,favour,,
1010,favourite,,
1011,fear,,
1012,feather,,
1013,feature,,
1014,february,,
1015,fee,,
1016,feed,,
1017,feedback,,
1018,feel,,
1019,feeling,,
1020,fellow,,
1021,female,,
1022,fence,,
1023,festival,,
1024,few,,
1025,fiction,,
1026,field,,
1027,fifteen,,
1028,fifth,,
1029,fifty,,
1030,fight,,
1031,fighting,,
1032,figure,,
1033,file,,
1034,fill,,
1035,film,,
1036,final,,
1037,finally,,
1038,finance,,
1039,financial,,
1040,find,,
1041,finding,,
1042,fine,,
1043,finger,,
1044,finish,,
1045,fire,,
1046,firm,,
1047,first,,
1048,firstly,,
1049,fish,,
1050,fishing,,
1051,fit,,
1052,fitness,,
1053,five,,
1054,fix,,
1055,fixed,,
1056,flag,,
1057,flame,,
1058,flash,,
1059,flat,,
1060,flexible,,
1061,flight,,
1062,float,,
1063,flood,,
1064,floor,,
1065,flour,,
1066,flow,,
1067,flower,,
1068,flu,,
1069,fly,,
1070,flying,,
1071,focus,,
1072,fold,,
1073,folding,,
1074,folk,,
1075,follow,,
1076,following,,
1077,food,,
1078,foot,,
1079,football,,
1080,for,,
1081,force,,
1082,foreign,,
1083,forest,,
1084,forever,,
1085,forget,,
1086,forgive,,
1087,fork,,
1088,form,,
1089,formal,,
1090,former,,
1091,fortunately,,
1092,fortune,,
1093,forty,,
1094,forward,,
1095,found,,
1096,four,,
1097,fourteen,,
1098,fourth,,
1099,frame,,
1100,free,,
1101,freedom,,
1102,freeze,,
1103,frequency,,
1104,frequently,,
1105,fresh,,
1106,friday,,
1107,fridge,,
1108,friend,,
1109,friendly,,
1110,friendship,,
1111,frighten,,
1112,frightened,,
1113,frightening,,
1114,frog,,
1115,from,,
1116,front,,
1117,frozen,,
1118,fruit,,
1119,fry,,
1120,fuel,,
1121,full,,
1122,fully,,
1123,fun,,
1124,function,,
1125,fund,,
1126,fundamental,,
1127,funding,,
1128,funny,,
1129,fur,,
1130,furniture,,
1131,further,,
1132,furthermore,,
1133,future,,
1134,gain,,
1135,gallery,,
1136,game,,
1137,gang,,
1138,gap,,
1139,garage,,
1140,garden,,
1141,gas,,
1142,gate,,
1143,gather,,
1144,general,,
1145,generally,,
1146,generate,,
1147,generation,,
1148,generous,,
1149,genre,,
1150,gentle,,
1151,gentleman,,
1152,geography,,
1153,get,,
1154,ghost,,
1155,giant,,
1156,gift,,
1157,girl,,
1158,girlfriend,,
1159,give,,
1160,glad,,
1161,glass,,
1162,global,,
1163,glove,,
1164,go,,
1165,goal,,
1166,god,,
1167,gold,,
1168,golf,,
1169,good,,
1170,goodbye,,
1171,goods,,
1172,govern,,
1173,government,,
1174,grab,,
1175,grade,,
1176,gradually,,
1177,graduate,,
1178,grain,,
1179,grand,,
1180,grandfather,,
1181,grandmother,,
1182,grandparent,,
1183,grant,,
1184,grass,,
1185,grateful,,
1186,great,,
1187,green,,
1188,greet,,
1189,grey,,
1190,ground,,
1191,group,,
1192,grow,,
1193,growth,,
1194,guarantee,,
1195,guard,,
1196,guess,,
1197,guest,,
1198,guide,,
1199,guilty,,
1200,guitar,,
1201,gun,,
1202,guy,,
1203,gym,,
1204,habit,,
1205,hair,,
1206,half,,
1207,hall,,
1208,hand,,
1209,handle,,
1210,hang,,
1211,happen,,
1212,happily,,
1213,happiness,,
1214,happy,,
1215,hard,,
1216,hardly,,
1217,harm,,
1218,harmful,,
1219,hat,,
1220,hate,,
1221,have,,
1222,have to,,
1223,he,,
1224,head,,
1225,headache,,
1226,headline,,
1227,health,,
1228,healthy,,
1229,hear,,
1230,hearing,,
1231,heart,,
1232,heat,,
1233,heating,,
1234,heaven,,
1235,heavily,,
1236,heavy,,
1237,heel,,
1238,height,,
1239,helicopter,,
1240,hell,,
1241,hello,,
1242,help,,
1243,helpful,,
1244,her,,
1245,here,,
1246,hero,,
1247,hers,,
1248,herself,,
1249,hesitate,,
1250,hey,,
1251,hi,,
1252,hide,,
1253,high,,
1254,highlight,,
1255,highly,,
1256,hill,,
1257,him,,
1258,himself,,
1259,hire,,
1260,his,,
1261,historic,,
1262,historical,,
1263,history,,
1264,hit,,
1265,hobby,,
1266,hockey,,
1267,hold,,
1268,hole,,
1269,holiday,,
1270,hollow,,
1271,holy,,
1272,home,,
1273,homework,,
1274,honest,,
1275,honour,,
1276,hope,,
1277,horrible,,
1278,horror,,
1279,horse,,
1280,hospital,,
1281,host,,
1282,hot,,
1283,hotel,,
1284,hour,,
1285,house,,
1286,household,,
1287,housing,,
1288,how,,
1289,however,,
1290,huge,,
1291,human,,
1292,humorous,,
1293,humour,,
1294,hundred,,
1295,hungry,,
1296,hunt,,
1297,hunting,,
1298,hurricane,,
1299,hurry,,
1300,hurt,,
1301,husband,,
1302,i,,
1303,ice,,
1304,ice cream,,
1305,idea,,
1306,ideal,,
1307,identify,,
1308,identity,,
1309,if,,
1310,ignore,,
1311,ill,,
1312,illegal,,
1313,illness,,
1314,illustrate,,
1315,illustration,,
1316,image,,
1317,imaginary,,
1318,imagination,,
1319,imagine,,
1320,immediate,,
1321,immediately,,
1322,immigrant,,
1323,impact,,
1324,impatient,,
1325,imply,,
1326,import,,
1327,importance,,
1328,important,,
1329,impose,,
1330,impossible,,
1331,impress,,
1332,impressed,,
1333,impression,,
1334,impressive,,
1335,improve,,
1336,improvement,,
1337,in,,
1338,inch,,
1339,incident,,
1340,include,,
1341,included,,
1342,including,,
1343,income,,
1344,increase,,
1345,increasingly,,
1346,incredible,,
1347,incredibly,,
1348,indeed,,
1349,independent,,
1350,indicate,,
1351,indirect,,
1352,individual,,
1353,indoor,,
1354,indoors,,
1355,industrial,,
1356,industry,,
1357,infection,,
1358,influence,,
1359,inform,,
1360,informal,,
1361,information,,
1362,ingredient,,
1363,initial,,
1364,initially,,
1365,initiative,,
1366,injure,,
1367,injured,,
1368,injury,,
1369,inner,,
1370,innocent,,
1371,insect,,
1372,inside,,
1373,insight,,
1374,insist,,
1375,inspire,,
1376,install,,
1377,instance,,
1378,instead,,
1379,institute,,
1380,institution,,
1381,instruction,,
1382,instructor,,
1383,instrument,,
1384,insurance,,
1385,intelligence,,
1386,intelligent,,
1387,intend,,
1388,intended,,
1389,intense,,
1390,intention,,
1391,interest,,
1392,interested,,
1393,interesting,,
1394,internal,,
1395,international,,
1396,internet,,
1397,interpret,,
1398,interrupt,,
1399,interview,,
1400,into,,
1401,introduce,,
1402,introduction,,
1403,invent,,
1404,invention,,
1405,invest,,
1406,investigate,,
1407,investigation,,
1408,investment,,
1409,invitation,,
1410,invite,,
1411,involve,,
1412,involved,,
1413,iron,,
1414,island,,
1415,issue,,
1416,it,,
1417,item,,
1418,its,,
1419,itself,,
1420,jacket,,
1421,jam,,
1422,january,,
1423,jazz,,
1424,jeans,,
1425,jewellery,,
1426,job,,
1427,join,,
1428,joke,,
1429,journal,,
1430,journalist,,
1431,journey,,
1432,joy,,
1433,judge,,
1434,judgement,,
1435,juice,,
1436,july,,
1437,jump,,
1438,june,,
1439,junior,,
1440,just,,
1441,justice,,
1442,justify,,
1443,keen,,
1444,keep,,
1445,key,,
1446,keyboard,,
1447,kick,,
1448,kid,,
1449,kill,,
1450,killing,,
1451,kilometre,,
1452,kind,,
1453,king,,
1454,kiss,,
1455,kitchen,,
1456,knee,,
1457,knife,,
1458,knock,,
1459,know,,
1460,knowledge,,
1461,lab,,
1462,label,,
1463,laboratory,,
1464,labour,,
1465,lack,,
1466,lady,,
1467,lake,,
1468,lamp,,
1469,land,,
1470,landscape,,
1471,language,,
1472,laptop,,
1473,large,,
1474,largely,,
1475,last,,
1476,late,,
1477,later,,
1478,latest,,
1479,laugh,,
1480,laughter,,
1481,launch,,
1482,law,,
1483,lawyer,,
1484,lay,,
1485,layer,,
1486,lazy,,
1487,lead,,
1488,leader,,
1489,leadership,,
1490,leading,,
1491,leaf,,
1492,league,,
1493,lean,,
1494,learn,,
1495,learning,,
1496,least,,
1497,leather,,
1498,leave,,
1499,lecture,,
1500,left,,
1501,leg,,
1502,legal,,
1503,leisure,,
1504,lemon,,
1505,lend,,
1506,length,,
1507,less,,
1508,lesson,,
1509,let,,
1510,letter,,
1511,level,,
1512,library,,
1513,licence,,
1514,lie,,
1515,life,,
1516,lifestyle,,
1517,lift,,
1518,light,,
1519,like,,
1520,likely,,
1521,limit,,
1522,limited,,
1523,line,,
1524,link,,
1525,lion,,
1526,lip,,
1527,liquid,,
1528,list,,
1529,listen,,
1530,listener,,
1531,literature,,
1532,little,,
1533,live,,
1534,lively,,
1535,living,,
1536,load,,
1537,loan,,
1538,local,,
1539,locate,,
1540,located,,
1541,location,,
1542,lock,,
1543,logical,,
1544,lonely,,
1545,long,,
1546,long-term,,
1547,look,,
1548,loose,,
1549,lord,,
1550,lorry,,
1551,lose,,
1552,loss,,
1553,lost,,
1554,lot,,
1555,loud,,
1556,loudly,,
1557,love,,
1558,lovely,,
1559,low,,
1560,lower,,
1561,luck,,
1562,lucky,,
1563,lunch,,
1564,lung,,
1565,luxury,,
1566,machine,,
1567,mad,,
1568,magazine,,
1569,magic,,
1570,mail,,
1571,main,,
1572,mainly,,
1573,maintain,,
1574,major,,
1575,majority,,
1576,make,,
1577,male,,
1578,mall,,
1579,man,,
1580,manage,,
1581,management,,
1582,manager,,
1583,manner,,
1584,many,,
1585,map,,
1586,march,,
1587,mark,,
1588,market,,
1589,marketing,,
1590,marriage,,
1591,married,,
1592,marry,,
1593,mass,,
1594,massive,,
1595,master,,
1596,match,,
1597,matching,,
1598,material,,
1599,mathematics,,
1600,maths,,
1601,matter,,
1602,maximum,,
1603,may,,
1604,maybe,,
1605,me,,
1606,meal,,
1607,mean,,
1608,meaning,,
1609,means,,
1610,meanwhile,,
1611,measure,,
1612,measurement,,
1613,meat,,
1614,media,,
1615,medical,,
1616,medicine,,
1617,medium,,
1618,meet,,
1619,meeting,,
1620,melt,,
1621,member,,
1622,memory,,
1623,mental,,
1624,mention,,
1625,menu,,
1626,mess,,
1627,message,,
1628,metal,,
1629,method,,
1630,metre,,
1631,middle,,
1632,midnight,,
1633,might,,
1634,mild,,
1635,mile,,
1636,military,,
1637,milk,,
1638,million,,
1639,mind,,
1640,mine,,
1641,mineral,,
1642,minimum,,
1643,minister,,
1644,minor,,
1645,minority,,
1646,minute,,
1647,mirror,,
1648,miss,,
1649,missing,,
1650,mission,,
1651,mistake,,
1652,mix,,
1653,mixed,,
1654,mixture,,
1655,mobile,,
1656,model,,
1657,modern,,
1658,modify,,
1659,moment,,
1660,monday,,
1661,money,,
1662,monitor,,
1663,monkey,,
1664,month,,
1665,mood,,
1666,moon,,
1667,moral,,
1668,more,,
1669,morning,,
1670,most,,
1671,mostly,,
1672,mother,,
1673,motor,,
1674,motorcycle,,
1675,mount,,
1676,mountain,,
1677,mouse,,
1678,mouth,,
1679,move,,
1680,movement,,
1681,movie,,
1682,much,,
1683,mud,,
1684,multiple,,
1685,multiply,,
1686,mum,,
1687,murder,,
1688,muscle,,
1689,museum,,
1690,music,,
1691,musical,,
1692,musician,,
1693,must,,
1694,my,,
1695,myself,,
1696,mysterious,,
1697,mystery,,
1698,nail,,
1699,name,,
1700,narrative,,
1701,narrow,,
1702,nation,,
1703,national,,
1704,native,,
1705,natural,,
1706,naturally,,
1707,nature,,
1708,near,,
1709,nearly,,
1710,neat,,
1711,necessarily,,
1712,necessary,,
1713,neck,,
1714,need,,
1715,needle,,
1716,negative,,
1717,neighbour,,
1718,neighbourhood,,
1719,neither,,
1720,nerve,,
1721,nervous,,
1722,net,,
1723,network,,
1724,never,,
1725,nevertheless,,
1726,new,,
1727,news,,
1728,newspaper,,
1729,next,,
1730,next to,,
1731,nice,,
1732,night,,
1733,nightmare,,
1734,nine,,
1735,nineteen,,
1736,ninety,,
1737,no,,
1738,no one,,
1739,nobody,,
1740,noise,,
1741,noisy,,
1742,none,,
1743,nor,,
1744,normal,,
1745,normally,,
1746,north,,
1747,northern,,
1748,nose,,
1749,not,,
1750,note,,
1751,nothing,,
1752,notice,,
1753,notion,,
1754,novel,,
1755,november,,
1756,now,,
1757,nowhere,,
1758,nuclear,,
1759,number,,
1760,numerous,,
1761,nurse,,
1762,nut,,
1763,o'clock,,
1764,obey,,
1765,object,,
1766,objective,,
1767,obligation,,
1768,observation,,
1769,observe,,
1770,obtain,,
1771,obvious,,
1772,obviously,,
1773,occasion,,
1774,occasionally,,
1775,occur,,
1776,ocean,,
1777,october,,
1778,odd,,
1779,of,,
1780,off,,
1781,offence,,
1782,offend,,
1783,offensive,,
1784,offer,,
1785,office,,
1786,officer,,
1787,official,,
1788,often,,
1789,oh,,
1790,oil,,
1791,ok,,
1792,old,,
1793,old-fashioned,,
1794,on,,
1795,once,,
1796,one,,
1797,onion,,
1798,online,,
1799,only,,
1800,onto,,
1801,open,,
1802,opening,,
1803,operate,,
1804,operation,,
1805,opinion,,
1806,opponent,,
1807,opportunity,,
1808,oppose,,
1809,opposed,,
1810,opposite,,
1811,opposition,,
1812,option,,
1813,or,,
1814,orange,,
1815,order,,
1816,ordinary,,
1817,organ,,
1818,organization,,
1819,organize,,
1820,organized,,
1821,organizer,,
1822,origin,,
1823,original,,
1824,originally,,
1825,other,,
1826,otherwise,,
1827,ought,,
1828,our,,
1829,ours,,
1830,ourselves,,
1831,out,,
1832,outcome,,
1833,outdoor,,
1834,outdoors,,
1835,outer,,
1836,outline,,
1837,outside,,
1838,oven,,
1839,over,,
1840,overall,,
1841,owe,,
1842,own,,
1843,owner,,
1844,pace,,
1845,pack,,
1846,package,,
1847,page,,
1848,pain,,
1849,painful,,
1850,paint,,
1851,painter,,
1852,painting,,
1853,pair,,
1854,palace,,
1855,pale,,
1856,pan,,
1857,panel,,
1858,pants,,
1859,paper,,
1860,paragraph,,
1861,parent,,
1862,park,,
1863,parking,,
1864,parliament,,
1865,part,,
1866,participant,,
1867,participate,,
1868,particular,,
1869,particularly,,
1870,partly,,
1871,partner,,
1872,party,,
1873,pass,,
1874,passage,,
1875,passenger,,
1876,passion,,
1877,passport,,
1878,past,,
1879,path,,
1880,patient,,
1881,pattern,,
1882,pay,,
1883,payment,,
1884,peace,,
1885,peaceful,,
1886,pen,,
1887,pencil,,
1888,penny,,
1889,pension,,
1890,people,,
1891,pepper,,
1892,per,,
1893,per cent,,
1894,percentage,,
1895,perfect,,
1896,perfectly,,
1897,perform,,
1898,performance,,
1899,perhaps,,
1900,period,,
1901,permanent,,
1902,permission,,
1903,permit,,
1904,person,,
1905,personal,,
1906,personality,,
1907,personally,,
1908,perspective,,
1909,persuade,,
1910,pet,,
1911,petrol,,
1912,phase,,
1913,phenomenon,,
1914,philosophy,,
1915,phone,,
1916,photo,,
1917,photograph,,
1918,photographer,,
1919,photography,,
1920,phrase,,
1921,physical,,
1922,physics,,
1923,piano,,
1924,pick,,
1925,picture,,
1926,piece,,
1927,pig,,
1928,pile,,
1929,pilot,,
1930,pin,,
1931,pink,,
1932,pipe,,
1933,pitch,,
1934,place,,
1935,plain,,
1936,plan,,
1937,plane,,
1938,planet,,
1939,planning,,
1940,plant,,
1941,plastic,,
1942,plate,,
1943,platform,,
1944,play,,
1945,player,,
1946,pleasant,,
1947,please,,
1948,pleased,,
1949,pleasure,,
1950,plenty,,
1951,plot,,
1952,plus,,
1953,pocket,,
1954,poem,,
1955,poet,,
1956,poetry,,
1957,point,,
1958,pointed,,
1959,poison,,
1960,poisonous,,
1961,police,,
1962,policeman,,
1963,policy,,
1964,polite,,
1965,political,,
1966,politician,,
1967,politics,,
1968,pollution,,
1969,pool,,
1970,poor,,
1971,pop,,
1972,popular,,
1973,popularity,,
1974,population,,
1975,port,,
1976,portrait,,
1977,pose,,
1978,position,,
1979,positive,,
1980,possess,,
1981,possession,,
1982,possibility,,
1983,possible,,
1984,possibly,,
1985,post,,
1986,poster,,
1987,pot,,
1988,potato,,
1989,potential,,
1990,pound,,
1991,pour,,
1992,poverty,,
1993,powder,,
1994,power,,
1995,powerful,,
1996,practical,,
1997,practice,,
1998,practise,,
1999,praise,,
2000,pray,,
2001,prayer,,
2002,predict,,
2003,prediction,,
2004,prefer,,
2005,pregnant,,
2006,preparation,,
2007,prepare,,
2008,prepared,,
2009,presence,,
2010,present,,
2011,presentation,,
2012,preserve,,
2013,president,,
2014,press,,
2015,pressure,,
2016,pretend,,
2017,pretty,,
2018,prevent,,
2019,previous,,
2020,previously,,
2021,price,,
2022,priest,,
2023,primary,,
2024,prime,,
2025,prince,,
2026,princess,,
2027,principle,,
2028,print,,
2029,printer,,
2030,printing,,
2031,priority,,
2032,prison,,
2033,prisoner,,
2034,privacy,,
2035,private,,
2036,prize,,
2037,probably,,
2038,problem,,
2039,procedure,,
2040,process,,
2041,produce,,
2042,producer,,
2043,product,,
2044,production,,
2045,profession,,
2046,professional,,
2047,professor,,
2048,profile,,
2049,profit,,
2050,program,,
2051,programme,,
2052,progress,,
2053,project,,
2054,promise,,
2055,promote,,
2056,pronounce,,
2057,proof,,
2058,proper,,
2059,properly,,
2060,property,,
2061,proposal,,
2062,propose,,
2063,prospect,,
2064,protect,,
2065,protection,,
2066,protest,,
2067,proud,,
2068,prove,,
2069,provide,,
2070,psychologist,,
2071,psychology,,
2072,pub,,
2073,public,,
2074,publication,,
2075,publish,,
2076,pull,,
2077,punish,,
2078,punishment,,
2079,pupil,,
2080,purchase,,
2081,pure,,
2082,purple,,
2083,purpose,,
2084,pursue,,
2085,push,,
2086,put,,
2087,qualification,,
2088,qualified,,
2089,qualify,,
2090,quality,,
2091,quantity,,
2092,quarter,,
2093,queen,,
2094,question,,
2095,queue,,
2096,quick,,
2097,quickly,,
2098,quiet,,
2099,quietly,,
2100,quit,,
2101,quite,,
2102,quotation,,
2103,quote,,
2104,race,,
2105,racing,,
2106,radio,,
2107,railway,,
2108,rain,,
2109,raise,,
2110,range,,
2111,rank,,
2112,rapid,,
2113,rapidly,,
2114,rare,,
2115,rarely,,
2116,rate,,
2117,rather,,
2118,raw,,
2119,reach,,
2120,react,,
2121,reaction,,
2122,read,,
2123,reader,,
2124,reading,,
2125,ready,,
2126,real,,
2127,realistic,,
2128,reality,,
2129,realize,,
2130,really,,
2131,reason,,
2132,reasonable,,
2133,recall,,
2134,receipt,,
2135,receive,,
2136,recent,,
2137,recently,,
2138,reception,,
2139,recipe,,
2140,recognize,,
2141,recommend,,
2142,recommendation,,
2143,record,,
2144,recording,,
2145,recover,,
2146,recycle,,
2147,red,,
2148,reduce,,
2149,reduction,,
2150,refer,,
2151,reference,,
2152,reflect,,
2153,refuse,,
2154,regard,,
2155,region,,
2156,regional,,
2157,register,,
2158,regret,,
2159,regular,,
2160,regularly,,
2161,regulation,,
2162,reject,,
2163,relate,,
2164,related,,
2165,relation,,
2166,relationship,,
2167,relative,,
2168,relatively,,
2169,relax,,
2170,relaxed,,
2171,relaxing,,
2172,release,,
2173,relevant,,
2174,reliable,,
2175,relief,,
2176,religion,,
2177,religious,,
2178,rely,,
2179,remain,,
2180,remark,,
2181,remember,,
2182,remind,,
2183,remote,,
2184,remove,,
2185,rent,,
2186,repair,,
2187,repeat,,
2188,repeated,,
2189,replace,,
2190,reply,,
2191,report,,
2192,reporter,,
2193,represent,,
2194,representative,,
2195,reputation,,
2196,request,,
2197,require,,
2198,requirement,,
2199,rescue,,
2200,research,,
2201,researcher,,
2202,reservation,,
2203,reserve,,
2204,resident,,
2205,resist,,
2206,resolve,,
2207,resort,,
2208,resource,,
2209,respect,,
2210,respond,,
2211,response,,
2212,responsibility,,
2213,responsible,,
2214,rest,,
2215,restaurant,,
2216,result,,
2217,retain,,
2218,retire,,
2219,retired,,
2220,return,,
2221,reveal,,
2222,review,,
2223,revise,,
2224,revolution,,
2225,reward,,
2226,rhythm,,
2227,rice,,
2228,rich,,
2229,rid,,
2230,ride,,
2231,right,,
2232,ring,,
2233,rise,,
2234,risk,,
2235,river,,
2236,road,,
2237,robot,,
2238,rock,,
2239,role,,
2240,roll,,
2241,romantic,,
2242,roof,,
2243,room,,
2244,root,,
2245,rope,,
2246,rough,,
2247,round,,
2248,route,,
2249,routine,,
2250,row,,
2251,royal,,
2252,rub,,
2253,rubber,,
2254,rubbish,,
2255,rude,,
2256,rugby,,
2257,rule,,
2258,run,,
2259,runner,,
2260,running,,
2261,rural,,
2262,rush,,
2263,sad,,
2264,sadly,,
2265,safe,,
2266,safety,,
2267,sail,,
2268,sailing,,
2269,sailor,,
2270,salad,,
2271,salary,,
2272,sale,,
2273,salt,,
2274,same,,
2275,sample,,
2276,sand,,
2277,sandwich,,
2278,satellite,,
2279,satisfied,,
2280,satisfy,,
2281,saturday,,
2282,sauce,,
2283,save,,
2284,saving,,
2285,say,,
2286,scale,,
2287,scan,,
2288,scared,,
2289,scary,,
2290,scene,,
2291,schedule,,
2292,scheme,,
2293,school,,
2294,science,,
2295,scientific,,
2296,scientist,,
2297,score,,
2298,scream,,
2299,screen,,
2300,script,,
2301,sculpture,,
2302,sea,,
2303,search,,
2304,season,,
2305,seat,,
2306,second,,
2307,secondary,,
2308,secondly,,
2309,secret,,
2310,secretary,,
2311,section,,
2312,sector,,
2313,secure,,
2314,security,,
2315,see,,
2316,seed,,
2317,seek,,
2318,seem,,
2319,select,,
2320,selection,,
2321,self,,
2322,sell,,
2323,send,,
2324,senior,,
2325,sense,,
2326,sensible,,
2327,sensitive,,
2328,sentence,,
2329,separate,,
2330,september,,
2331,sequence,,
2332,series,,
2333,serious,,
2334,seriously,,
2335,servant,,
2336,serve,,
2337,service,,
2338,session,,
2339,set,,
2340,setting,,
2341,settle,,
2342,seven,,
2343,seventeen,,
2344,seventy,,
2345,several,,
2346,severe,,
2347,sex,,
2348,sexual,,
2349,shade,,
2350,shadow,,
2351,shake,,
2352,shall,,
2353,shallow,,
2354,shame,,
2355,shape,,
2356,share,,
2357,sharp,,
2358,she,,
2359,sheep,,
2360,sheet,,
2361,shelf,,
2362,shell,,
2363,shelter,,
2364,shift,,
2365,shine,,
2366,shiny,,
2367,ship,,
2368,shirt,,
2369,shock,,
2370,shocked,,
2371,shoe,,
2372,shoot,,
2373,shooting,,
2374,shop,,
2375,shopping,,
2376,short,,
2377,shot,,
2378,should,,
2379,shoulder,,
2380,shout,,
2381,show,,
2382,shower,,
2383,shut,,
2384,shy,,
2385,sick,,
2386,side,,
2387,sight,,
2388,sign,,
2389,signal,,
2390,significant,,
2391,significantly,,
2392,silence,,
2393,silent,,
2394,silk,,
2395,silly,,
2396,silver,,
2397,similar,,
2398,similarity,,
2399,similarly,,
2400,simple,,
2401,simply,,
2402,since,,
2403,sincere,,
2404,sing,,
2405,singer,,
2406,singing,,
2407,single,,
2408,sink,,
2409,sir,,
2410,sister,,
2411,sit,,
2412,site,,
2413,situation,,
2414,six,,
2415,sixteen,,
2416,sixty,,
2417,size,,
2418,ski,,
2419,skiing,,
2420,skill,,
2421,skin,,
2422,skirt,,
2423,sky,,
2424,slave,,
2425,sleep,,
2426,slice,,
2427,slide,,
2428,slight,,
2429,slightly,,
2430,slip,,
2431,slope,,
2432,slow,,
2433,slowly,,
2434,small,,
2435,smart,,
2436,smell,,
2437,smile,,
2438,smoke,,
2439,smoking,,
2440,smooth,,
2441,snake,,
2442,snow,,
2443,so,,
2444,soap,,
2445,soccer,,
2446,social,,
2447,society,,
2448,sock,,
2449,soft,,
2450,software,,
2451,soil,,
2452,solar,,
2453,soldier,,
2454,solid,,
2455,solution,,
2456,solve,,
2457,some,,
2458,somebody,,
2459,someone,,
2460,something,,
2461,sometimes,,
2462,somewhat,,
2463,somewhere,,
2464,son,,
2465,song,,
2466,soon,,
2467,sorry,,
2468,sort,,
2469,soul,,
2470,sound,,
2471,soup,,
2472,source,,
2473,south,,
2474,southern,,
2475,space,,
2476,speak,,
2477,speaker,,
2478,special,,
2479,specialist,,
2480,species,,
2481,specific,,
2482,specifically,,
2483,speech,,
2484,speed,,
2485,spell,,
2486,spelling,,
2487,spend,,
2488,spending,,
2489,spicy,,
2490,spider,,
2491,spirit,,
2492,spiritual,,
2493,split,,
2494,spoken,,
2495,sponsor,,
2496,spoon,,
2497,sport,,
2498,spot,,
2499,spread,,
2500,spring,,
2501,square,,
2502,stable,,
2503,stadium,,
2504,staff,,
2505,stage,,
2506,stair,,
2507,stamp,,
2508,stand,,
2509,standard,,
2510,star,,
2511,stare,,
2512,start,,
2513,state,,
2514,statement,,
2515,station,,
2516,statistic,,
2517,statue,,
2518,status,,
2519,stay,,
2520,steady,,
2521,steal,,
2522,steel,,
2523,steep,,
2524,step,,
2525,stick,,
2526,sticky,,
2527,stiff,,
2528,still,,
2529,stock,,
2530,stomach,,
2531,stone,,
2532,stop,,
2533,store,,
2534,storm,,
2535,story,,
2536,straight,,
2537,strange,,
2538,stranger,,
2539,strategy,,
2540,stream,,
2541,street,,
2542,strength,,
2543,stress,,
2544,stretch,,
2545,strict,,
2546,strike,,
2547,string,,
2548,strong,,
2549,strongly,,
2550,structure,,
2551,struggle,,
2552,student,,
2553,studio,,
2554,study,,
2555,stuff,,
2556,stupid,,
2557,style,,
2558,subject,,
2559,sublist,,
2560,submit,,
2561,substance,,
2562,succeed,,
2563,success,,
2564,successful,,
2565,successfully,,
2566,such,,
2567,sudden,,
2568,suddenly,,
2569,suffer,,
2570,sugar,,
2571,suggest,,
2572,suggestion,,
2573,suit,,
2574,suitable,,
2575,sum,,
2576,summarize,,
2577,summary,,
2578,summer,,
2579,sun,,
2580,sunday,,
2581,supermarket,,
2582,supply,,
2583,support,,
2584,supporter,,
2585,suppose,,
2586,sure,,
2587,surely,,
2588,surface,,
2589,surgery,,
2590,surprise,,
2591,surprised,,
2592,surprising,,
2593,surround,,
2594,surrounding,,
2595,survey,,
2596,survive,,
2597,suspect,,
2598,swear,,
2599,sweater,,
2600,sweep,,
2601,sweet,,
2602,swim,,
2603,swimming,,
2604,switch,,
2605,symbol,,
2606,sympathy,,
2607,symptom,,
2608,system,,
2609,t-shirt,,
2610,table,,
2611,tablet,,
2612,tail,,
2613,take,,
2614,tale,,
2615,talent,,
2616,talented,,
2617,talk,,
2618,tall,,
2619,tank,,
2620,tape,,
2621,target,,
2622,task,,
2623,taste,,
2624,tax,,
2625,taxi,,
2626,tea,,
2627,teach,,
2628,teacher,,
2629,teaching,,
2630,team,,
2631,tear,,
2632,technical,,
2633,technique,,
2634,technology,,
2635,teenage,,
2636,teenager,,
2637,telephone,,
2638,television,,
2639,tell,,
2640,temperature,,
2641,temporary,,
2642,ten,,
2643,tend,,
2644,tennis,,
2645,tent,,
2646,term,,
2647,terrible,,
2648,test,,
2649,text,,
2650,than,,
2651,thank,,
2652,thanks,,
2653,that,,
2654,the,,
2655,theatre,,
2656,their,,
2657,theirs,,
2658,them,,
2659,theme,,
2660,themselves,,
2661,then,,
2662,theory,,
2663,therapy,,
2664,there,,
2665,therefore,,
2666,they,,
2667,thick,,
2668,thief,,
2669,thin,,
2670,thing,,
2671,think,,
2672,thinking,,
2673,third,,
2674,thirsty,,
2675,thirteen,,
2676,thirty,,
2677,this,,
2678,though,,
2679,thought,,
2680,thousand,,
2681,threat,,
2682,threaten,,
2683,three,,
2684,throat,,
2685,through,,
2686,throughout,,
2687,throw,,
2688,thursday,,
2689,thus,,
2690,ticket,,
2691,tidy,,
2692,tie,,
2693,tight,,
2694,till,,
2695,time,,
2696,tin,,
2697,tiny,,
2698,tip,,
2699,tired,,
2700,title,,
2701,to,,
2702,today,,
2703,toe,,
2704,together,,
2705,toilet,,
2706,tomato,,
2707,tomorrow,,
2708,tone,,
2709,tongue,,
2710,tonight,,
2711,too,,
2712,tool,,
2713,tooth,,
2714,top,,
2715,topic,,
2716,total,,
2717,totally,,
2718,touch,,
2719,tough,,
2720,tour,,
2721,tourism,,
2722,tourist,,
2723,towards,,
2724,towel,,
2725,tower,,
2726,town,,
2727,toy,,
2728,track,,
2729,trade,,
2730,tradition,,
2731,traditional,,
2732,traffic,,
2733,train,,
2734,trainer,,
2735,training,,
2736,transfer,,
2737,transform,,
2738,transition,,
2739,translate,,
2740,translation,,
2741,transport,,
2742,travel,,
2743,traveller,,
2744,treat,,
2745,treatment,,
2746,tree,,
2747,trend,,
2748,trial,,
2749,trick,,
2750,trip,,
2751,tropical,,
2752,trouble,,
2753,trousers,,
2754,truck,,
2755,TRUE,,
2756,truly,,
2757,trust,,
2758,truth,,
2759,try,,
2760,tube,,
2761,tuesday,,
2762,tune,,
2763,tunnel,,
2764,turn,,
2765,tv,,
2766,twelve,,
2767,twenty,,
2768,twice,,
2769,twin,,
2770,two,,
2771,type,,
2772,typical,,
2773,typically,,
2774,tyre,,
2775,ugly,,
2776,ultimately,,
2777,umbrella,,
2778,unable,,
2779,uncle,,
2780,uncomfortable,,
2781,unconscious,,
2782,under,,
2783,underground,,
2784,understand,,
2785,understanding,,
2786,underwear,,
2787,unemployed,,
2788,unemployment,,
2789,unexpected,,
2790,unfair,,
2791,unfortunately,,
2792,unhappy,,
2793,uniform,,
2794,union,,
2795,unique,,
2796,unit,,
2797,united,,
2798,universe,,
2799,university,,
2800,unknown,,
2801,unless,,
2802,unlike,,
2803,unlikely,,
2804,unnecessary,,
2805,unpleasant,,
2806,until,,
2807,unusual,,
2808,up,,
2809,update,,
2810,upon,,
2811,upper,,
2812,upset,,
2813,upstairs,,
2814,upwards,,
2815,urban,,
2816,urge,,
2817,us,,
2818,use,,
2819,used,,
2820,used to,,
2821,useful,,
2822,user,,
2823,usual,,
2824,usually,,
2825,vacation,,
2826,valley,,
2827,valuable,,
2828,value,,
2829,van,,
2830,variety,,
2831,various,,
2832,vary,,
2833,vast,,
2834,vegetable,,
2835,vehicle,,
2836,venue,,
2837,version,,
2838,very,,
2839,via,,
2840,victim,,
2841,victory,,
2842,video,,
2843,view,,
2844,viewer,,
2845,village,,
2846,violence,,
2847,violent,,
2848,virtual,,
2849,virus,,
2850,vision,,
2851,visit,,
2852,visitor,,
2853,visual,,
2854,vital,,
2855,vitamin,,
2856,voice,,
2857,volume,,
2858,volunteer,,
2859,vote,,
2860,wage,,
2861,wait,,
2862,waiter,,
2863,wake,,
2864,walk,,
2865,wall,,
2866,want,,
2867,war,,
2868,warm,,
2869,warn,,
2870,warning,,
2871,wash,,
2872,washing,,
2873,waste,,
2874,watch,,
2875,water,,
2876,wave,,
2877,way,,
2878,we,,
2879,weak,,
2880,weakness,,
2881,wealth,,
2882,wealthy,,
2883,weapon,,
2884,wear,,
2885,weather,,
2886,web,,
2887,website,,
2888,wedding,,
2889,wednesday,,
2890,week,,
2891,weekend,,
2892,weigh,,
2893,weight,,
2894,welcome,,
2895,well,,
2896,west,,
2897,western,,
2898,wet,,
2899,what,,
2900,whatever,,
2901,wheel,,
2902,when,,
2903,whenever,,
2904,where,,
2905,whereas,,
2906,wherever,,
2907,whether,,
2908,which,,
2909,while,,
2910,whisper,,
2911,white,,
2912,who,,
2913,whole,,
2914,whom,,
2915,whose,,
2916,why,,
2917,wide,,
2918,widely,,
2919,wife,,
2920,wild,,
2921,wildlife,,
2922,will,,
2923,willing,,
2924,win,,
2925,wind,,
2926,window,,
2927,wine,,
2928,wing,,
2929,winner,,
2930,winter,,
2931,wire,,
2932,wise,,
2933,wish,,
2934,with,,
2935,within,,
2936,without,,
2937,witness,,
2938,woman,,
2939,wonder,,
2940,wonderful,,
2941,wood,,
2942,wooden,,
2943,wool,,
2944,word,,
2945,work,,
2946,worker,,
2947,working,,
2948,world,,
2949,worldwide,,
2950,worried,,
2951,worry,,
2952,worse,,
2953,worst,,
2954,worth,,
2955,would,,
2956,wound,,
2957,wow,,
2958,wrap,,
2959,write,,
2960,writer,,
2961,writing,,
2962,written,,
2963,wrong,,
2964,yard,,
2965,yeah,,
2966,year,,
2967,yellow,,
2968,yes,,
2969,yesterday,,
2970,yet,,
2971,you,,
2972,young,,
2973,your,,
2974,yours,,
2975,yourself,,
2976,youth,,
2977,zero,,
2978,zone,,
2979,abolish,,
2980,abortion,,
2981,absence,,
2982,absent,,
2983,absorb,,
2984,abstract,,
2985,absurd,,
2986,abundance,,
2987,abuse,,
2988,academy,,
2989,accelerate,,
2990,accent,,
2991,acceptance,,
2992,accessible,,
2993,accidentally,,
2994,accommodate,,
2995,accomplish,,
2996,accomplishment,,
2997,accordance,,
2998,accordingly,,
2999,accountability,,
3000,accountable,,
3001,accountant,,
3002,accounting,,
3003,accumulate,,
3004,accumulation,,
3005,accuracy,,
3006,accurately,,
3007,accusation,,
3008,accused,,
3009,acid,,
3010,acquisition,,
3011,acre,,
3012,activate,,
3013,activation,,
3014,activist,,
3015,acute,,
3016,adaptation,,
3017,addiction,,
3018,additionally,,
3019,adequate,,
3020,adequately,,
3021,adhere,,
3022,adjacent,,
3023,adjust,,
3024,adjustment,,
3025,administer,,
3026,administrative,,
3027,administrator,,
3028,admission,,
3029,adolescent,,
3030,adoption,,
3031,adverse,,
3032,advocate,,
3033,aesthetic,,
3034,affection,,
3035,affordable,,
3036,aftermath,,
3037,aggression,,
3038,agricultural,,
3039,agriculture,,
3040,aide,,
3041,aids,,
3042,albeit,,
3043,alert,,
3044,alien,,
3045,align,,
3046,alignment,,
3047,alike,,
3048,allegation,,
3049,allege,,
3050,allegedly,,
3051,alliance,,
3052,allocate,,
3053,allocation,,
3054,allowance,,
3055,ally,,
3056,alongside,,
3057,altogether,,
3058,aluminium,,
3059,amateur,,
3060,ambassador,,
3061,ambulance,,
3062,amend,,
3063,amendment,,
3064,amid,,
3065,amusing,,
3066,analogy,,
3067,analyst,,
3068,ancestor,,
3069,anchor,,
3070,angel,,
3071,animation,,
3072,annually,,
3073,anonymous,,
3074,anticipate,,
3075,anxiety,,
3076,apology,,
3077,apparatus,,
3078,appealing,,
3079,appetite,,
3080,applaud,,
3081,applicable,,
3082,applicant,,
3083,appoint,,
3084,appreciation,,
3085,appropriately,,
3086,arbitrary,,
3087,architectural,,
3088,archive,,
3089,arena,,
3090,arguably,,
3091,arm,,
3092,array,,
3093,arrow,,
3094,articulate,,
3095,artwork,,
3096,ash,,
3097,aside,,
3098,aspiration,,
3099,aspire,,
3100,assassination,,
3101,assault,,
3102,assemble,,
3103,assembly,,
3104,assert,,
3105,assertion,,
3106,asset,,
3107,assign,,
3108,assistance,,
3109,assumption,,
3110,assurance,,
3111,assure,,
3112,astonishing,,
3113,asylum,,
3114,atrocity,,
3115,attachment,,
3116,attain,,
3117,attendance,,
3118,attorney,,
3119,attribute,,
3120,auction,,
3121,audio,,
3122,audit,,
3123,authentic,,
3124,authorize,,
3125,auto,,
3126,automatic,,
3127,automatically,,
3128,autonomy,,
3129,availability,,
3130,await,,
3131,awareness,,
3132,awkward,,
3133,backdrop,,
3134,backing,,
3135,backup,,
3136,badge,,
3137,bail,,
3138,balanced,,
3139,ballet,,
3140,balloon,,
3141,ballot,,
3142,banner,,
3143,bare,,
3144,barely,,
3145,bargain,,
3146,barrel,,
3147,basement,,
3148,basket,,
3149,bass,,
3150,bat,,
3151,battlefield,,
3152,bay,,
3153,beam,,
3154,beast,,
3155,behalf,,
3156,beloved,,
3157,bench,,
3158,benchmark,,
3159,beneath,,
3160,beneficial,,
3161,beneficiary,,
3162,beside,,
3163,besides,,
3164,betray,,
3165,bias,,
3166,bid,,
3167,bind,,
3168,biography,,
3169,biological,,
3170,bishop,,
3171,bizarre,,
3172,blade,,
3173,blanket,,
3174,blast,,
3175,bleed,,
3176,blend,,
3177,bless,,
3178,blessing,,
3179,blow,,
3180,boast,,
3181,bold,,
3182,bombing,,
3183,bonus,,
3184,booking,,
3185,boom,,
3186,boost,,
3187,bounce,,
3188,bound,,
3189,boundary,,
3190,bow,,
3191,breach,,
3192,breakdown,,
3193,breakthrough,,
3194,breed,,
3195,brick,,
3196,briefly,,
3197,broadband,,
3198,broadcaster,,
3199,broadly,,
3200,browser,,
3201,brutal,,
3202,buck,,
3203,buddy,,
3204,buffer,,
3205,bug,,
3206,bulk,,
3207,burden,,
3208,bureaucracy,,
3209,burial,,
3210,burst,,
3211,cabin,,
3212,cabinet,,
3213,calculation,,
3214,canal,,
3215,candle,,
3216,canvas,,
3217,capability,,
3218,capitalism,,
3219,capitalist,,
3220,carbon,,
3221,cargo,,
3222,carriage,,
3223,carve,,
3224,casino,,
3225,casual,,
3226,casualty,,
3227,catalogue,,
3228,cater,,
3229,cattle,,
3230,caution,,
3231,cautious,,
3232,cave,,
3233,cease,,
3234,cemetery,,
3235,certainty,,
3236,certificate,,
3237,challenging,,
3238,chamber,,
3239,championship,,
3240,chaos,,
3241,characterize,,
3242,charm,,
3243,charming,,
3244,charter,,
3245,chase,,
3246,cheek,,
3247,cheer,,
3248,choir,,
3249,chop,,
3250,chronic,,
3251,chunk,,
3252,circuit,,
3253,circulate,,
3254,circulation,,
3255,citizenship,,
3256,civic,,
3257,civilian,,
3258,civilization,,
3259,clarify,,
3260,clarity,,
3261,clash,,
3262,classification,,
3263,classify,,
3264,cleaning,,
3265,clerk,,
3266,cliff,,
3267,cling,,
3268,clinic,,
3269,clinical,,
3270,clip,,
3271,closure,,
3272,cluster,,
3273,coalition,,
3274,coastal,,
3275,cocktail,,
3276,cognitive,,
3277,coincide,,
3278,coincidence,,
3279,collaborate,,
3280,collaboration,,
3281,collective,,
3282,collector,,
3283,collision,,
3284,colonial,,
3285,colony,,
3286,colourful,,
3287,columnist,,
3288,combat,,
3289,comic,,
3290,commander,,
3291,commence,,
3292,commentary,,
3293,commentator,,
3294,commerce,,
3295,commissioner,,
3296,commodity,,
3297,communist,,
3298,companion,,
3299,comparable,,
3300,comparative,,
3301,compassion,,
3302,compel,,
3303,compelling,,
3304,compensate,,
3305,compensation,,
3306,competence,,
3307,competent,,
3308,compile,,
3309,complement,,
3310,completion,,
3311,complexity,,
3312,compliance,,
3313,complication,,
3314,comply,,
3315,compose,,
3316,composer,,
3317,composition,,
3318,compound,,
3319,comprehensive,,
3320,comprise,,
3321,compromise,,
3322,compulsory,,
3323,compute,,
3324,conceal,,
3325,concede,,
3326,conceive,,
3327,conception,,
3328,concession,,
3329,concrete,,
3330,condemn,,
3331,confer,,
3332,confess,,
3333,confession,,
3334,configuration,,
3335,confine,,
3336,confirmation,,
3337,confront,,
3338,confrontation,,
3339,confusion,,
3340,congratulate,,
3341,congregation,,
3342,congressional,,
3343,conquer,,
3344,conscience,,
3345,consciousness,,
3346,consecutive,,
3347,consensus,,
3348,consent,,
3349,consequently,,
3350,conservation,,
3351,conserve,,
3352,considerable,,
3353,considerably,,
3354,consistency,,
3355,consistently,,
3356,consolidate,,
3357,conspiracy,,
3358,constituency,,
3359,constitute,,
3360,constitution,,
3361,constitutional,,
3362,constraint,,
3363,consult,,
3364,consultant,,
3365,consultation,,
3366,consumption,,
3367,contemplate,,
3368,contempt,,
3369,contend,,
3370,contender,,
3371,content,,
3372,contention,,
3373,continually,,
3374,contractor,,
3375,contradiction,,
3376,contrary,,
3377,contributor,,
3378,controversial,,
3379,controversy,,
3380,convenience,,
3381,convention,,
3382,conventional,,
3383,conversion,,
3384,convey,,
3385,convict,,
3386,conviction,,
3387,convincing,,
3388,cooperate,,
3389,cooperative,,
3390,coordinate,,
3391,coordination,,
3392,coordinator,,
3393,cop,,
3394,cope,,
3395,copper,,
3396,copyright,,
3397,corporation,,
3398,correction,,
3399,correlate,,
3400,correlation,,
3401,correspond,,
3402,correspondence,,
3403,correspondent,,
3404,corresponding,,
3405,corridor,,
3406,corrupt,,
3407,corruption,,
3408,costly,,
3409,councillor,,
3410,counselling,,
3411,counsellor,,
3412,counter,,
3413,counterpart,,
3414,countless,,
3415,coup,,
3416,courtesy,,
3417,coverage,,
3418,crack,,
3419,craft,,
3420,crawl,,
3421,creativity,,
3422,creator,,
3423,credibility,,
3424,credible,,
3425,creep,,
3426,critically,,
3427,critique,,
3428,crown,,
3429,crude,,
3430,cruise,,
3431,crush,,
3432,crystal,,
3433,cue,,
3434,cult,,
3435,cultivate,,
3436,curiosity,,
3437,curious,,
3438,curriculum,,
3439,custody,,
3440,cute,,
3441,cutting,,
3442,cynical,,
3443,dairy,,
3444,dam,,
3445,damaging,,
3446,dare,,
3447,darkness,,
3448,database,,
3449,dawn,,
3450,deadline,,
3451,deadly,,
3452,dealer,,
3453,debris,,
3454,debut,,
3455,decision-making,,
3456,decisive,,
3457,deck,,
3458,declaration,,
3459,dedicated,,
3460,dedication,,
3461,deed,,
3462,deem,,
3463,default,,
3464,defect,,
3465,defender,,
3466,defensive,,
3467,deficiency,,
3468,deficit,,
3469,defy,,
3470,delegate,,
3471,delegation,,
3472,delete,,
3473,delicate,,
3474,democracy,,
3475,democratic,,
3476,demon,,
3477,demonstration,,
3478,denial,,
3479,denounce,,
3480,dense,,
3481,density,,
3482,depart,,
3483,dependence,,
3484,dependent,,
3485,depict,,
3486,deploy,,
3487,deployment,,
3488,deposit,,
3489,depression,,
3490,deprive,,
3491,deputy,,
3492,derive,,
3493,descend,,
3494,descent,,
3495,designate,,
3496,desirable,,
3497,desktop,,
3498,desperately,,
3499,destruction,,
3500,destructive,,
3501,detain,,
3502,detection,,
3503,detention,,
3504,deteriorate,,
3505,determination,,
3506,devastate,,
3507,devil,,
3508,devise,,
3509,devote,,
3510,diagnose,,
3511,diagnosis,,
3512,dictate,,
3513,dictator,,
3514,differ,,
3515,differentiate,,
3516,dignity,,
3517,dilemma,,
3518,dimension,,
3519,diminish,,
3520,dip,,
3521,diplomat,,
3522,diplomatic,,
3523,directory,,
3524,disability,,
3525,disabled,,
3526,disagreement,,
3527,disappoint,,
3528,disappointment,,
3529,disastrous,,
3530,discard,,
3531,discharge,,
3532,disclose,,
3533,disclosure,,
3534,discourage,,
3535,discourse,,
3536,discretion,,
3537,discrimination,,
3538,dismissal,,
3539,disorder,,
3540,displace,,
3541,disposal,,
3542,dispose,,
3543,dispute,,
3544,disrupt,,
3545,disruption,,
3546,dissolve,,
3547,distant,,
3548,distinct,,
3549,distinction,,
3550,distinctive,,
3551,distinguish,,
3552,distort,,
3553,distract,,
3554,distress,,
3555,disturb,,
3556,disturbing,,
3557,dive,,
3558,diverse,,
3559,diversity,,
3560,divert,,
3561,divine,,
3562,divorce,,
3563,doctrine,,
3564,documentation,,
3565,domain,,
3566,dominance,,
3567,dominant,,
3568,donation,,
3569,donor,,
3570,dose,,
3571,dot,,
3572,downtown,,
3573,drain,,
3574,dramatically,,
3575,drift,,
3576,driving,,
3577,drought,,
3578,drown,,
3579,dual,,
3580,dub,,
3581,dull,,
3582,dumb,,
3583,dump,,
3584,duo,,
3585,duration,,
3586,dynamic,,
3587,eager,,
3588,earnings,,
3589,ease,,
3590,echo,,
3591,ecological,,
3592,economics,,
3593,economist,,
3594,editorial,,
3595,educator,,
3596,effectiveness,,
3597,efficiency,,
3598,efficiently,,
3599,ego,,
3600,elaborate,,
3601,elbow,,
3602,electoral,,
3603,electronics,,
3604,elegant,,
3605,elementary,,
3606,elevate,,
3607,eligible,,
3608,eliminate,,
3609,elite,,
3610,embark,,
3611,embarrassment,,
3612,embassy,,
3613,embed,,
3614,embody,,
3615,embrace,,
3616,emergence,,
3617,emission,,
3618,emotionally,,
3619,empire,,
3620,empirical,,
3621,empower,,
3622,enact,,
3623,encompass,,
3624,encouragement,,
3625,encouraging,,
3626,endeavour,,
3627,endless,,
3628,endorse,,
3629,endorsement,,
3630,endure,,
3631,enforce,,
3632,enforcement,,
3633,engagement,,
3634,engaging,,
3635,enjoyable,,
3636,enquire,,
3637,enrich,,
3638,enrol,,
3639,ensue,,
3640,enterprise,,
3641,entertaining,,
3642,enthusiast,,
3643,entitle,,
3644,entity,,
3645,entrepreneur,,
3646,envelope,,
3647,epidemic,,
3648,equality,,
3649,equation,,
3650,equip,,
3651,equivalent,,
3652,era,,
3653,erect,,
3654,erupt,,
3655,escalate,,
3656,essence,,
3657,essentially,,
3658,establishment,,
3659,eternal,,
3660,ethic,,
3661,ethnic,,
3662,evacuate,,
3663,evaluation,,
3664,evident,,
3665,evoke,,
3666,evolution,,
3667,evolutionary,,
3668,evolve,,
3669,exaggerate,,
3670,exceed,,
3671,excellence,,
3672,exception,,
3673,exceptional,,
3674,excess,,
3675,excessive,,
3676,exclude,,
3677,exclusion,,
3678,exclusive,,
3679,exclusively,,
3680,execute,,
3681,execution,,
3682,exert,,
3683,exhibit,,
3684,exile,,
3685,exit,,
3686,exotic,,
3687,expansion,,
3688,expenditure,,
3689,experimental,,
3690,expertise,,
3691,expire,,
3692,explicit,,
3693,explicitly,,
3694,exploit,,
3695,exploitation,,
3696,explosive,,
3697,exposure,,
3698,extension,,
3699,extensive,,
3700,extensively,,
3701,extract,,
3702,extremist,,
3703,fabric,,
3704,fabulous,,
3705,facilitate,,
3706,faction,,
3707,faculty,,
3708,fade,,
3709,failed,,
3710,fairness,,
3711,fake,,
3712,fame,,
3713,fantasy,,
3714,fare,,
3715,fatal,,
3716,fate,,
3717,favourable,,
3718,feat,,
3719,federal,,
3720,feeding,,
3721,feminist,,
3722,fever,,
3723,fibre,,
3724,fierce,,
3725,film-maker,,
3726,filter,,
3727,fine,,
3728,firearm,,
3729,firefighter,,
3730,firework,,
3731,firm,,
3732,firmly,,
3733,fit,,
3734,fixture,,
3735,flavour,,
3736,flaw,,
3737,flawed,,
3738,flee,,
3739,fleet,,
3740,flesh,,
3741,flexibility,,
3742,flourish,,
3743,fluid,,
3744,fond,,
3745,fool,,
3746,footage,,
3747,forbid,,
3748,forecast,,
3749,foreigner,,
3750,forge,,
3751,format,,
3752,formation,,
3753,formerly,,
3754,formula,,
3755,formulate,,
3756,forth,,
3757,forthcoming,,
3758,fortunate,,
3759,forum,,
3760,fossil,,
3761,foster,,
3762,foundation,,
3763,founder,,
3764,fraction,,
3765,fragile,,
3766,fragment,,
3767,framework,,
3768,franchise,,
3769,frankly,,
3770,fraud,,
3771,freely,,
3772,frequent,,
3773,frustrated,,
3774,frustrating,,
3775,frustration,,
3776,fulfil,,
3777,full-time,,
3778,functional,,
3779,fundamentally,,
3780,fundraising,,
3781,funeral,,
3782,furious,,
3783,gallon,,
3784,gambling,,
3785,gaming,,
3786,gathering,,
3787,gay,,
3788,gaze,,
3789,gear,,
3790,gender,,
3791,gene,,
3792,generic,,
3793,genetic,,
3794,genius,,
3795,genocide,,
3796,genuine,,
3797,genuinely,,
3798,gesture,,
3799,gig,,
3800,glance,,
3801,glimpse,,
3802,globalization,,
3803,globe,,
3804,glorious,,
3805,glory,,
3806,golden,,
3807,goodness,,
3808,gorgeous,,
3809,governance,,
3810,governor,,
3811,grace,,
3812,graphic,,
3813,graphics,,
3814,grasp,,
3815,grave,,
3816,gravity,,
3817,greatly,,
3818,greenhouse,,
3819,grid,,
3820,grief,,
3821,grin,,
3822,grind,,
3823,grip,,
3824,grocery,,
3825,guerrilla,,
3826,guidance,,
3827,guideline,,
3828,guilt,,
3829,gut,,
3830,habitat,,
3831,hail,,
3832,halfway,,
3833,halt,,
3834,handful,,
3835,handling,,
3836,handy,,
3837,harassment,,
3838,harbour,,
3839,hardware,,
3840,harmony,,
3841,harsh,,
3842,harvest,,
3843,hatred,,
3844,haunt,,
3845,hazard,,
3846,headquarters,,
3847,heal,,
3848,healthcare,,
3849,heighten,,
3850,helmet,,
3851,hence,,
3852,herb,,
3853,heritage,,
3854,hidden,,
3855,hierarchy,,
3856,high-profile,,
3857,highway,,
3858,hilarious,,
3859,hint,,
3860,hip,,
3861,historian,,
3862,homeland,,
3863,homeless,,
3864,honesty,,
3865,hook,,
3866,hopeful,,
3867,hopefully,,
3868,horizon,,
3869,horn,,
3870,hostage,,
3871,hostile,,
3872,hostility,,
3873,humanitarian,,
3874,humanity,,
3875,humble,,
3876,hunger,,
3877,hydrogen,,
3878,hypothesis,,
3879,icon,,
3880,identical,,
3881,identification,,
3882,ideological,,
3883,ideology,,
3884,idiot,,
3885,ignorance,,
3886,illusion,,
3887,imagery,,
3888,immense,,
3889,immigration,,
3890,imminent,,
3891,immune,,
3892,implement,,
3893,implementation,,
3894,implication,,
3895,imprison,,
3896,imprisonment,,
3897,inability,,
3898,inadequate,,
3899,inappropriate,,
3900,incentive,,
3901,incidence,,
3902,inclined,,
3903,inclusion,,
3904,incorporate,,
3905,incorrect,,
3906,incur,,
3907,independence,,
3908,index,,
3909,indication,,
3910,indicator,,
3911,indictment,,
3912,indigenous,,
3913,induce,,
3914,indulge,,
3915,inequality,,
3916,inevitable,,
3917,infamous,,
3918,infant,,
3919,infect,,
3920,infer,,
3921,inflation,,
3922,inflict,,
3923,influential,,
3924,info,,
3925,infrastructure,,
3926,inhabitant,,
3927,inherent,,
3928,inherit,,
3929,inhibit,,
3930,initiate,,
3931,inject,,
3932,injection,,
3933,injustice,,
3934,ink,,
3935,inmate,,
3936,innovation,,
3937,innovative,,
3938,input,,
3939,insert,,
3940,insertion,,
3941,insider,,
3942,inspect,,
3943,inspection,,
3944,inspector,,
3945,inspiration,,
3946,installation,,
3947,instant,,
3948,instantly,,
3949,instinct,,
3950,institutional,,
3951,instruct,,
3952,instrumental,,
3953,insufficient,,
3954,insult,,
3955,intact,,
3956,intake,,
3957,integral,,
3958,integrate,,
3959,integrated,,
3960,integration,,
3961,integrity,,
3962,intellectual,,
3963,intensify,,
3964,intensity,,
3965,intensive,,
3966,intent,,
3967,interact,,
3968,interaction,,
3969,interactive,,
3970,interface,,
3971,interfere,,
3972,interference,,
3973,interim,,
3974,interior,,
3975,intermediate,,
3976,interpretation,,
3977,interval,,
3978,intervene,,
3979,intervention,,
3980,intimate,,
3981,intriguing,,
3982,invade,,
3983,invasion,,
3984,investigator,,
3985,investor,,
3986,invisible,,
3987,invoke,,
3988,involvement,,
3989,ironic,,
3990,ironically,,
3991,irony,,
3992,irrelevant,,
3993,isolate,,
3994,isolated,,
3995,isolation,,
3996,jail,,
3997,jet,,
3998,joint,,
3999,journalism,,
4000,judicial,,
4001,junction,,
4002,jurisdiction,,
4003,jury,,
4004,just,,
4005,justification,,
4006,kidnap,,
4007,kidney,,
4008,kingdom,,
4009,kit,,
4010,lad,,
4011,ladder,,
4012,landing,,
4013,landlord,,
4014,landmark,,
4015,lane,,
4016,lap,,
4017,large-scale,,
4018,laser,,
4019,lately,,
4020,latter,,
4021,lawn,,
4022,lawsuit,,
4023,layout,,
4024,leaflet,,
4025,leak,,
4026,leap,,
4027,legacy,,
4028,legend,,
4029,legendary,,
4030,legislation,,
4031,legislative,,
4032,legislature,,
4033,legitimate,,
4034,lengthy,,
4035,lens,,
4036,lesbian,,
4037,lesser,,
4038,lethal,,
4039,liable,,
4040,liberal,,
4041,liberation,,
4042,liberty,,
4043,license,,
4044,lifelong,,
4045,lifetime,,
4046,lighting,,
4047,likelihood,,
4048,likewise,,
4049,limb,,
4050,limitation,,
4051,line-up,,
4052,linear,,
4053,linger,,
4054,listing,,
4055,literacy,,
4056,literally,,
4057,literary,,
4058,litre,,
4059,litter,,
4060,liver,,
4061,lobby,,
4062,log,,
4063,logic,,
4064,logo,,
4065,long-standing,,
4066,long-time,,
4067,loom,,
4068,loop,,
4069,lottery,,
4070,loyal,,
4071,loyalty,,
4072,lyric,,
4073,machinery,,
4074,magical,,
4075,magistrate,,
4076,magnetic,,
4077,magnificent,,
4078,magnitude,,
4079,mainland,,
4080,mainstream,,
4081,maintenance,,
4082,major,,
4083,make-up,,
4084,making,,
4085,mandate,,
4086,mandatory,,
4087,manifest,,
4088,manipulate,,
4089,manipulation,,
4090,manufacture,,
4091,manufacturing,,
4092,manuscript,,
4093,marathon,,
4094,march,,
4095,margin,,
4096,marginal,,
4097,marine,,
4098,marker,,
4099,marketplace,,
4100,martial,,
4101,mask,,
4102,massacre,,
4103,mate,,
4104,mathematical,,
4105,mature,,
4106,maximize,,
4107,mayor,,
4108,meaningful,,
4109,meantime,,
4110,mechanic,,
4111,mechanical,,
4112,mechanism,,
4113,medal,,
4114,medication,,
4115,medieval,,
4116,meditation,,
4117,melody,,
4118,membership,,
4119,memo,,
4120,memoir,,
4121,memorable,,
4122,memorial,,
4123,mentor,,
4124,merchant,,
4125,mercy,,
4126,mere,,
4127,merely,,
4128,merge,,
4129,merger,,
4130,merit,,
4131,metaphor,,
4132,methodology,,
4133,midst,,
4134,migration,,
4135,militant,,
4136,militia,,
4137,mill,,
4138,miner,,
4139,minimal,,
4140,minimize,,
4141,mining,,
4142,ministry,,
4143,minute,,
4144,miracle,,
4145,miserable,,
4146,misery,,
4147,misleading,,
4148,missile,,
4149,mob,,
4150,mobility,,
4151,mobilize,,
4152,mode,,
4153,moderate,,
4154,modest,,
4155,modification,,
4156,momentum,,
4157,monk,,
4158,monopoly,,
4159,monster,,
4160,monthly,,
4161,monument,,
4162,morality,,
4163,moreover,,
4164,mortgage,,
4165,mosque,,
4166,motion,,
4167,motivate,,
4168,motivation,,
4169,motive,,
4170,motorist,,
4171,moving,,
4172,municipal,,
4173,mutual,,
4174,myth,,
4175,naked,,
4176,namely,,
4177,nasty,,
4178,nationwide,,
4179,naval,,
4180,navigation,,
4181,nearby,,
4182,necessity,,
4183,neglect,,
4184,negotiate,,
4185,negotiation,,
4186,neighbouring,,
4187,nest,,
4188,net,,
4189,neutral,,
4190,newly,,
4191,newsletter,,
4192,niche,,
4193,noble,,
4194,nod,,
4195,nominate,,
4196,nomination,,
4197,nominee,,
4198,non-profit,,
4199,nonetheless,,
4200,nonsense,,
4201,noon,,
4202,norm,,
4203,notable,,
4204,notably,,
4205,notebook,,
4206,notify,,
4207,notorious,,
4208,novel,,
4209,novelist,,
4210,nowadays,,
4211,nursery,,
4212,nursing,,
4213,nutrition,,
4214,obesity,,
4215,objection,,
4216,oblige,,
4217,observer,,
4218,obsess,,
4219,obsession,,
4220,obstacle,,
4221,occasional,,
4222,occupation,,
4223,occupy,,
4224,occurrence,,
4225,odds,,
4226,offender,,
4227,offering,,
4228,offspring,,
4229,ongoing,,
4230,openly,,
4231,opera,,
4232,operational,,
4233,operator,,
4234,opt,,
4235,optical,,
4236,optimism,,
4237,optimistic,,
4238,oral,,
4239,orchestra,,
4240,organic,,
4241,organizational,,
4242,orientation,,
4243,originate,,
4244,outbreak,,
4245,outfit,,
4246,outing,,
4247,outlet,,
4248,outlook,,
4249,output,,
4250,outrage,,
4251,outsider,,
4252,outstanding,,
4253,overcome,,
4254,overlook,,
4255,overly,,
4256,overnight,,
4257,overseas,,
4258,oversee,,
4259,overturn,,
4260,overwhelm,,
4261,overwhelming,,
4262,ownership,,
4263,oxygen,,
4264,packet,,
4265,pad,,
4266,palm,,
4267,panic,,
4268,parade,,
4269,parallel,,
4270,parameter,,
4271,parental,,
4272,parish,,
4273,parliamentary,,
4274,part-time,,
4275,partial,,
4276,partially,,
4277,participation,,
4278,partnership,,
4279,passing,,
4280,passionate,,
4281,passive,,
4282,password,,
4283,pastor,,
4284,patch,,
4285,patent,,
4286,pathway,,
4287,patience,,
4288,patrol,,
4289,patron,,
4290,pause,,
4291,peak,,
4292,peasant,,
4293,peculiar,,
4294,peer,,
4295,penalty,,
4296,perceive,,
4297,perception,,
4298,permanently,,
4299,persist,,
4300,persistent,,
4301,personnel,,
4302,petition,,
4303,philosopher,,
4304,philosophical,,
4305,physician,,
4306,pill,,
4307,pioneer,,
4308,pipeline,,
4309,pirate,,
4310,pit,,
4311,pity,,
4312,placement,,
4313,plea,,
4314,plead,,
4315,pledge,,
4316,plug,,
4317,plunge,,
4318,pole,,
4319,poll,,
4320,pond,,
4321,pop,,
4322,portfolio,,
4323,portion,,
4324,portray,,
4325,post-war,,
4326,postpone,,
4327,potentially,,
4328,practitioner,,
4329,preach,,
4330,precede,,
4331,precedent,,
4332,precious,,
4333,precise,,
4334,precisely,,
4335,precision,,
4336,predator,,
4337,predecessor,,
4338,predictable,,
4339,predominantly,,
4340,preference,,
4341,pregnancy,,
4342,prejudice,,
4343,preliminary,,
4344,premier,,
4345,premise,,
4346,premium,,
4347,prescribe,,
4348,prescription,,
4349,presently,,
4350,preservation,,
4351,preside,,
4352,presidency,,
4353,presidential,,
4354,prestigious,,
4355,presumably,,
4356,presume,,
4357,prevail,,
4358,prevalence,,
4359,prevention,,
4360,prey,,
4361,pride,,
4362,primarily,,
4363,principal,,
4364,prior,,
4365,privatization,,
4366,privilege,,
4367,probability,,
4368,probable,,
4369,probe,,
4370,problematic,,
4371,proceed,,
4372,proceeding,,
4373,proceeds,,
4374,processing,,
4375,processor,,
4376,proclaim,,
4377,productive,,
4378,productivity,,
4379,profitable,,
4380,profound,,
4381,programming,,
4382,progressive,,
4383,prohibit,,
4384,projection,,
4385,prominent,,
4386,promising,,
4387,promotion,,
4388,prompt,,
4389,pronounced,,
4390,propaganda,,
4391,proportion,,
4392,proposition,,
4393,prosecute,,
4394,prosecution,,
4395,prosecutor,,
4396,prospective,,
4397,prosperity,,
4398,protective,,
4399,protein,,
4400,protester,,
4401,protocol,,
4402,province,,
4403,provincial,,
4404,provision,,
4405,provoke,,
4406,psychiatric,,
4407,psychological,,
4408,publicity,,
4409,publishing,,
4410,pulse,,
4411,pump,,
4412,punch,,
4413,punk,,
4414,purely,,
4415,pursuit,,
4416,puzzle,,
4417,query,,
4418,quest,,
4419,questionnaire,,
4420,quota,,
4421,racial,,
4422,racism,,
4423,racist,,
4424,radar,,
4425,radiation,,
4426,radical,,
4427,rage,,
4428,raid,,
4429,rail,,
4430,rally,,
4431,random,,
4432,ranking,,
4433,rape,,
4434,rat,,
4435,rating,,
4436,ratio,,
4437,rational,,
4438,ray,,
4439,readily,,
4440,realization,,
4441,realm,,
4442,rear,,
4443,reasonably,,
4444,reasoning,,
4445,reassure,,
4446,rebel,,
4447,rebellion,,
4448,rebuild,,
4449,receiver,,
4450,recession,,
4451,recipient,,
4452,reckon,,
4453,recognition,,
4454,reconstruction,,
4455,recount,,
4456,recovery,,
4457,recruit,,
4458,recruitment,,
4459,referee,,
4460,referendum,,
4461,reflection,,
4462,reform,,
4463,refuge,,
4464,refugee,,
4465,refusal,,
4466,regain,,
4467,regardless,,
4468,regime,,
4469,registration,,
4470,regulate,,
4471,regulator,,
4472,regulatory,,
4473,rehabilitation,,
4474,reign,,
4475,reinforce,,
4476,rejection,,
4477,relevance,,
4478,reliability,,
4479,relieve,,
4480,relieved,,
4481,reluctant,,
4482,remainder,,
4483,remains,,
4484,remarkable,,
4485,remarkably,,
4486,remedy,,
4487,reminder,,
4488,removal,,
4489,render,,
4490,renew,,
4491,renowned,,
4492,rental,,
4493,replacement,,
4494,reportedly,,
4495,reporting,,
4496,representation,,
4497,reproduce,,
4498,reproduction,,
4499,republic,,
4500,resemble,,
4501,reside,,
4502,residence,,
4503,residential,,
4504,residue,,
4505,resign,,
4506,resignation,,
4507,resistance,,
4508,resolution,,
4509,respective,,
4510,respectively,,
4511,restoration,,
4512,restore,,
4513,restraint,,
4514,restrict,,
4515,restriction,,
4516,resume,,
4517,retail,,
4518,retirement,,
4519,retreat,,
4520,retrieve,,
4521,revelation,,
4522,revenge,,
4523,revenue,,
4524,reverse,,
4525,revision,,
4526,revival,,
4527,revive,,
4528,revolutionary,,
4529,rhetoric,,
4530,ridiculous,,
4531,rifle,,
4532,riot,,
4533,rip,,
4534,risky,,
4535,ritual,,
4536,rival,,
4537,rob,,
4538,robbery,,
4539,robust,,
4540,rock,,
4541,rocket,,
4542,rod,,
4543,romance,,
4544,rose,,
4545,rotate,,
4546,rotation,,
4547,roughly,,
4548,ruin,,
4549,ruling,,
4550,rumour,,
4551,sack,,
4552,sacred,,
4553,sacrifice,,
4554,saint,,
4555,sake,,
4556,sanction,,
4557,satisfaction,,
4558,say,,
4559,scandal,,
4560,scare,,
4561,scattered,,
4562,scenario,,
4563,sceptical,,
4564,scholar,,
4565,scholarship,,
4566,scope,,
4567,scratch,,
4568,screening,,
4569,screw,,
4570,scrutiny,,
4571,seal,,
4572,secular,,
4573,seeker,,
4574,seemingly,,
4575,segment,,
4576,seize,,
4577,seldom,,
4578,selective,,
4579,seminar,,
4580,senator,,
4581,sensation,,
4582,sensitivity,,
4583,sentiment,,
4584,separation,,
4585,serial,,
4586,set-up,,
4587,settlement,,
4588,settler,,
4589,severely,,
4590,sexuality,,
4591,sexy,,
4592,shaped,,
4593,shareholder,,
4594,shatter,,
4595,shed,,
4596,sheer,,
4597,shipping,,
4598,shocking,,
4599,shoot,,
4600,shore,,
4601,short-term,,
4602,shortage,,
4603,shortly,,
4604,shrink,,
4605,shrug,,
4606,sibling,,
4607,sigh,,
4608,signature,,
4609,significance,,
4610,simulate,,
4611,simulation,,
4612,simultaneously,,
4613,sin,,
4614,situated,,
4615,sketch,,
4616,skilled,,
4617,skip,,
4618,skull,,
4619,slam,,
4620,slap,,
4621,slash,,
4622,slavery,,
4623,slogan,,
4624,slot,,
4625,smash,,
4626,snap,,
4627,so-called,,
4628,soak,,
4629,soar,,
4630,socialist,,
4631,sole,,
4632,solely,,
4633,solicitor,,
4634,solidarity,,
4635,solo,,
4636,somehow,,
4637,sometime,,
4638,sophisticated,,
4639,sound,,
4640,sovereignty,,
4641,spam,,
4642,span,,
4643,spare,,
4644,spark,,
4645,specialize,,
4646,specialized,,
4647,specification,,
4648,specify,,
4649,specimen,,
4650,spectacle,,
4651,spectacular,,
4652,spectator,,
4653,spectrum,,
4654,speculate,,
4655,speculation,,
4656,spell,,
4657,sphere,,
4658,spill,,
4659,spin,,
4660,spine,,
4661,spite,,
4662,spoil,,
4663,spokesman,,
4664,spokesperson,,
4665,spokeswoman,,
4666,sponsorship,,
4667,sporting,,
4668,spotlight,,
4669,spouse,,
4670,spy,,
4671,squad,,
4672,squeeze,,
4673,stab,,
4674,stability,,
4675,stabilize,,
4676,stake,,
4677,stall,,
4678,stance,,
4679,standing,,
4680,stark,,
4681,starve,,
4682,statistical,,
4683,steadily,,
4684,steam,,
4685,steer,,
4686,stem,,
4687,stereotype,,
4688,stimulate,,
4689,stimulus,,
4690,stir,,
4691,storage,,
4692,straightforward,,
4693,strain,,
4694,strand,,
4695,strategic,,
4696,strengthen,,
4697,strictly,,
4698,striking,,
4699,strip,,
4700,strive,,
4701,stroke,,
4702,structural,,
4703,stumble,,
4704,stun,,
4705,stunning,,
4706,submission,,
4707,subscriber,,
4708,subscription,,
4709,subsequent,,
4710,subsequently,,
4711,subsidy,,
4712,substantial,,
4713,substantially,,
4714,substitute,,
4715,substitution,,
4716,subtle,,
4717,suburb,,
4718,suburban,,
4719,succession,,
4720,successive,,
4721,successor,,
4722,suck,,
4723,sue,,
4724,suffering,,
4725,sufficient,,
4726,sufficiently,,
4727,suicide,,
4728,suite,,
4729,summit,,
4730,super,,
4731,superb,,
4732,superior,,
4733,supervise,,
4734,supervision,,
4735,supervisor,,
4736,supplement,,
4737,supportive,,
4738,supposedly,,
4739,suppress,,
4740,supreme,,
4741,surge,,
4742,surgeon,,
4743,surgical,,
4744,surplus,,
4745,surrender,,
4746,surveillance,,
4747,survival,,
4748,survivor,,
4749,suspend,,
4750,suspension,,
4751,suspicion,,
4752,suspicious,,
4753,sustain,,
4754,sustainable,,
4755,swallow,,
4756,swing,,
4757,sword,,
4758,symbolic,,
4759,sympathetic,,
4760,syndrome,,
4761,synthesis,,
4762,systematic,,
4763,tackle,,
4764,tactic,,
4765,tactical,,
4766,tag,,
4767,tap,,
4768,taxpayer,,
4769,technological,,
4770,teens,,
4771,temple,,
4772,temporarily,,
4773,tempt,,
4774,tenant,,
4775,tendency,,
4776,tender,,
4777,tension,,
4778,tenure,,
4779,terminal,,
4780,terminate,,
4781,terms,,
4782,terrain,,
4783,terribly,,
4784,terrific,,
4785,terrify,,
4786,territory,,
4787,terror,,
4788,terrorism,,
4789,terrorist,,
4790,testify,,
4791,testimony,,
4792,testing,,
4793,textbook,,
4794,texture,,
4795,thankfully,,
4796,theatrical,,
4797,theft,,
4798,theology,,
4799,theoretical,,
4800,therapist,,
4801,thereafter,,
4802,thereby,,
4803,thesis,,
4804,thorough,,
4805,thoroughly,,
4806,thought-provoking,,
4807,thoughtful,,
4808,thread,,
4809,threshold,,
4810,thrilled,,
4811,thrive,,
4812,thumb,,
4813,tide,,
4814,tighten,,
4815,timber,,
4816,timely,,
4817,timing,,
4818,tissue,,
4819,tobacco,,
4820,tolerance,,
4821,tolerate,,
4822,toll,,
4823,ton,,
4824,tonne,,
4825,top,,
4826,torture,,
4827,toss,,
4828,total,,
4829,tournament,,
4830,toxic,,
4831,trace,,
4832,trademark,,
4833,trading,,
4834,tragedy,,
4835,tragic,,
4836,trail,,
4837,trailer,,
4838,trait,,
4839,transaction,,
4840,transcript,,
4841,transformation,,
4842,transit,,
4843,transmission,,
4844,transmit,,
4845,transparency,,
4846,transparent,,
4847,transportation,,
4848,trap,,
4849,trauma,,
4850,treasure,,
4851,treaty,,
4852,tremendous,,
4853,tribal,,
4854,tribe,,
4855,tribunal,,
4856,tribute,,
4857,trigger,,
4858,trillion,,
4859,trio,,
4860,triumph,,
4861,troop,,
4862,trophy,,
4863,troubled,,
4864,trustee,,
4865,tsunami,,
4866,tuition,,
4867,turnout,,
4868,turnover,,
4869,twist,,
4870,ultimate,,
4871,unacceptable,,
4872,uncertainty,,
4873,undergo,,
4874,undergraduate,,
4875,underlying,,
4876,undermine,,
4877,undertake,,
4878,undoubtedly,,
4879,unfold,,
4880,unfortunate,,
4881,unify,,
4882,unite,,
4883,unity,,
4884,universal,,
4885,unprecedented,,
4886,unveil,,
4887,upcoming,,
4888,upgrade,,
4889,uphold,,
4890,urgent,,
4891,usage,,
4892,useless,,
4893,utility,,
4894,utilize,,
4895,utterly,,
4896,vacuum,,
4897,vague,,
4898,valid,,
4899,validity,,
4900,vanish,,
4901,variable,,
4902,variation,,
4903,varied,,
4904,vein,,
4905,venture,,
4906,verbal,,
4907,verdict,,
4908,verify,,
4909,verse,,
4910,versus,,
4911,vertical,,
4912,vessel,,
4913,veteran,,
4914,viable,,
4915,vibrant,,
4916,vice,,
4917,vicious,,
4918,viewpoint,,
4919,villager,,
4920,violate,,
4921,violation,,
4922,virtue,,
4923,visa,,
4924,visible,,
4925,vocal,,
4926,voluntary,,
4927,voting,,
4928,vow,,
4929,vulnerability,,
4930,vulnerable,,
4931,wander,,
4932,ward,,
4933,warehouse,,
4934,warfare,,
4935,warming,,
4936,warrant,,
4937,warrior,,
4938,weaken,,
4939,weave,,
4940,weed,,
4941,weekly,,
4942,weird,,
4943,welfare,,
4944,well,,
4945,well-being,,
4946,whatsoever,,
4947,wheat,,
4948,whereby,,
4949,whilst,,
4950,whip,,
4951,whoever,,
4952,wholly,,
4953,widen,,
4954,widespread,,
4955,widow,,
4956,width,,
4957,willingness,,
4958,wipe,,
4959,wisdom,,
4960,wit,,
4961,withdraw,,
4962,withdrawal,,
4963,workforce,,
4964,workout,,
4965,workplace,,
4966,workshop,,
4967,worm,,
4968,worship,,
4969,worthwhile,,
4970,worthy,,
4971,wrist,,
4972,yell,,
4973,yield,,
4974,youngster,,
